query_id,precision@1,recall@1,max_precision@1,max_recall@1,hits@1,mrr@1,ap@1,precision@5,recall@5,max_precision@5,max_recall@5,hits@5,mrr@5,ap@5,precision@10,recall@10,max_precision@10,max_recall@10,hits@10,mrr@10,ap@10,precision@15,recall@15,max_precision@15,max_recall@15,hits@15,mrr@15,ap@15,precision@20,recall@20,max_precision@20,max_recall@20,hits@20,mrr@20,ap@20,precision@25,recall@25,max_precision@25,max_recall@25,hits@25,mrr@25,ap@25,precision@30,recall@30,max_precision@30,max_recall@30,hits@30,mrr@30,ap@30,precision@35,recall@35,max_precision@35,max_recall@35,hits@35,mrr@35,ap@35,precision@40,recall@40,max_precision@40,max_recall@40,hits@40,mrr@40,ap@40,precision@45,recall@45,max_precision@45,max_recall@45,hits@45,mrr@45,ap@45,precision@50,recall@50,max_precision@50,max_recall@50,hits@50,mrr@50,ap@50
cwurData.pq::country,1.0,0.03333333333333333,1.0,0.03333333333333333,1.0,1.0,0.03333333333333333,0.6,0.1,1.0,0.16666666666666666,1.0,1.0,0.07555555555555556,0.4,0.13333333333333333,1.0,0.3333333333333333,1.0,1.0,0.09222222222222222,0.4,0.2,1.0,0.5,1.0,1.0,0.12404040404040403,0.4,0.26666666666666666,1.0,0.6666666666666666,1.0,1.0,0.1543100118835413,0.36,0.3,1.0,0.8333333333333334,1.0,1.0,0.16794637551990493,0.3333333333333333,0.3333333333333333,1.0,1.0,1.0,1.0,0.17944062839346814,0.2857142857142857,0.3333333333333333,0.8571428571428571,1.0,1.0,1.0,0.17944062839346814,0.3,0.4,0.75,1.0,1.0,1.0,0.1990897512004857,0.26666666666666666,0.4,0.6666666666666666,1.0,1.0,1.0,0.1990897512004857,0.26,0.43333333333333335,0.6,1.0,1.0,1.0,0.20851004105555815
countries_and_continents.pq::ISO4217-currency_country_name,1.0,0.037037037037037035,1.0,0.037037037037037035,1.0,1.0,0.037037037037037035,1.0,0.18518518518518517,1.0,0.18518518518518517,1.0,1.0,0.18518518518518517,0.9,0.3333333333333333,1.0,0.37037037037037035,1.0,1.0,0.3333333333333333,0.7333333333333333,0.4074074074074074,1.0,0.5555555555555556,1.0,1.0,0.3932980599647266,0.6,0.4444444444444444,1.0,0.7407407407407407,1.0,1.0,0.4210758377425044,0.52,0.48148148148148145,1.0,0.9259259259259259,1.0,1.0,0.4429613596280263,0.4666666666666667,0.5185185185185185,0.9,1.0,1.0,1.0,0.460841308542458,0.42857142857142855,0.5555555555555556,0.7714285714285715,1.0,1.0,1.0,0.47671432441547384,0.425,0.6296296296296297,0.675,1.0,1.0,1.0,0.5093195792429509,0.37777777777777777,0.6296296296296297,0.6,1.0,1.0,1.0,0.5093195792429509,0.34,0.6296296296296297,0.54,1.0,1.0,1.0,0.5093195792429509
pte_imine.pq::Arg0,1.0,0.03125,1.0,0.03125,1.0,1.0,0.03125,1.0,0.15625,1.0,0.15625,1.0,1.0,0.15625,1.0,0.3125,1.0,0.3125,1.0,1.0,0.3125,1.0,0.46875,1.0,0.46875,1.0,1.0,0.46875,1.0,0.625,1.0,0.625,1.0,1.0,0.625,1.0,0.78125,1.0,0.78125,1.0,1.0,0.78125,0.9333333333333333,0.875,1.0,0.9375,1.0,1.0,0.8739224137931034,0.8285714285714286,0.90625,0.9142857142857143,1.0,1.0,1.0,0.8998152709359606,0.775,0.96875,0.8,1.0,1.0,1.0,0.9500756876026273,0.6888888888888889,0.96875,0.7111111111111111,1.0,1.0,1.0,0.9500756876026273,0.62,0.96875,0.64,1.0,1.0,1.0,0.9500756876026273
countries_and_continents.pq::official_name_en,1.0,0.037037037037037035,1.0,0.037037037037037035,1.0,1.0,0.037037037037037035,1.0,0.18518518518518517,1.0,0.18518518518518517,1.0,1.0,0.18518518518518517,0.9,0.3333333333333333,1.0,0.37037037037037035,1.0,1.0,0.3333333333333333,0.7333333333333333,0.4074074074074074,1.0,0.5555555555555556,1.0,1.0,0.3909238909238909,0.7,0.5185185185185185,1.0,0.7407407407407407,1.0,1.0,0.4711071013100597,0.64,0.5925925925925926,1.0,0.9259259259259259,1.0,1.0,0.5221245218926976,0.5666666666666667,0.6296296296296297,0.9,1.0,1.0,1.0,0.5454441378049061,0.4857142857142857,0.6296296296296297,0.7714285714285715,1.0,1.0,1.0,0.5454441378049061,0.475,0.7037037037037037,0.675,1.0,1.0,1.0,0.5819806743414427,0.4222222222222222,0.7037037037037037,0.6,1.0,1.0,1.0,0.5819806743414427,0.38,0.7037037037037037,0.54,1.0,1.0,1.0,0.5819806743414427
world_country.pq::Name,1.0,0.034482758620689655,1.0,0.034482758620689655,1.0,1.0,0.034482758620689655,1.0,0.1724137931034483,1.0,0.1724137931034483,1.0,1.0,0.1724137931034483,0.9,0.3103448275862069,1.0,0.3448275862068966,1.0,1.0,0.3103448275862069,0.8666666666666667,0.4482758620689655,1.0,0.5172413793103449,1.0,1.0,0.4350172815690057,0.8,0.5517241379310345,1.0,0.6896551724137931,1.0,1.0,0.519999132748679,0.68,0.5862068965517241,1.0,0.8620689655172413,1.0,1.0,0.543447408610748,0.6,0.6206896551724138,0.9666666666666667,1.0,1.0,1.0,0.5648505001684174,0.5714285714285714,0.6896551724137931,0.8285714285714286,1.0,1.0,1.0,0.6068837357500401,0.5,0.6896551724137931,0.725,1.0,1.0,1.0,0.6068837357500401,0.4444444444444444,0.6896551724137931,0.6444444444444445,1.0,1.0,1.0,0.6068837357500401,0.4,0.6896551724137931,0.58,1.0,1.0,1.0,0.6068837357500401
pte_nitro.pq::Arg0,1.0,0.03125,1.0,0.03125,1.0,1.0,0.03125,1.0,0.15625,1.0,0.15625,1.0,1.0,0.15625,1.0,0.3125,1.0,0.3125,1.0,1.0,0.3125,1.0,0.46875,1.0,0.46875,1.0,1.0,0.46875,1.0,0.625,1.0,0.625,1.0,1.0,0.625,1.0,0.78125,1.0,0.78125,1.0,1.0,0.78125,0.9666666666666667,0.90625,1.0,0.9375,1.0,1.0,0.90625,0.8857142857142857,0.96875,0.9142857142857143,1.0,1.0,1.0,0.9658479960899315,0.775,0.96875,0.8,1.0,1.0,1.0,0.9658479960899315,0.6888888888888889,0.96875,0.7111111111111111,1.0,1.0,1.0,0.9658479960899315,0.62,0.96875,0.64,1.0,1.0,1.0,0.9658479960899315
pte_sulfide.pq::Arg0,1.0,0.03125,1.0,0.03125,1.0,1.0,0.03125,1.0,0.15625,1.0,0.15625,1.0,1.0,0.15625,1.0,0.3125,1.0,0.3125,1.0,1.0,0.3125,1.0,0.46875,1.0,0.46875,1.0,1.0,0.46875,1.0,0.625,1.0,0.625,1.0,1.0,0.625,1.0,0.78125,1.0,0.78125,1.0,1.0,0.78125,0.9666666666666667,0.90625,1.0,0.9375,1.0,1.0,0.9052083333333333,0.8571428571428571,0.9375,0.9142857142857143,1.0,1.0,1.0,0.9354502688172043,0.775,0.96875,0.8,1.0,1.0,1.0,0.9616327012496367,0.6888888888888889,0.96875,0.7111111111111111,1.0,1.0,1.0,0.9616327012496367,0.62,0.96875,0.64,1.0,1.0,1.0,0.9616327012496367
pte_non_ar_hetero_6_ring.pq::Arg0,1.0,0.03125,1.0,0.03125,1.0,1.0,0.03125,1.0,0.15625,1.0,0.15625,1.0,1.0,0.15625,1.0,0.3125,1.0,0.3125,1.0,1.0,0.3125,1.0,0.46875,1.0,0.46875,1.0,1.0,0.46875,1.0,0.625,1.0,0.625,1.0,1.0,0.625,1.0,0.78125,1.0,0.78125,1.0,1.0,0.78125,0.9666666666666667,0.90625,1.0,0.9375,1.0,1.0,0.90625,0.8571428571428571,0.9375,0.9142857142857143,1.0,1.0,1.0,0.936491935483871,0.775,0.96875,0.8,1.0,1.0,1.0,0.9634016577060932,0.6888888888888889,0.96875,0.7111111111111111,1.0,1.0,1.0,0.9634016577060932,0.62,0.96875,0.64,1.0,1.0,1.0,0.9634016577060932
Word_University_Rank_2020.pq::Country,0.0,0.0,1.0,0.03333333333333333,0.0,0.0,0.0,0.8,0.13333333333333333,1.0,0.16666666666666666,1.0,0.5,0.09055555555555556,0.6,0.2,1.0,0.3333333333333333,1.0,0.5,0.13658730158730156,0.6,0.3,1.0,0.5,1.0,0.5,0.1983122433122433,0.6,0.4,1.0,0.6666666666666666,1.0,0.5,0.25951594701594705,0.56,0.4666666666666667,1.0,0.8333333333333334,1.0,0.5,0.2995027717853805,0.5666666666666667,0.5666666666666667,1.0,1.0,1.0,0.5,0.355300983790489,0.5142857142857142,0.6,0.8571428571428571,1.0,1.0,0.5,0.3729480426140184,0.475,0.6333333333333333,0.75,1.0,1.0,0.5,0.3887813759473518,0.4222222222222222,0.6333333333333333,0.6666666666666666,1.0,1.0,0.5,0.3887813759473518,0.38,0.6333333333333333,0.6,1.0,1.0,0.5,0.3887813759473518
gender_development.pq::Country,1.0,0.03333333333333333,1.0,0.03333333333333333,1.0,1.0,0.03333333333333333,1.0,0.16666666666666666,1.0,0.16666666666666666,1.0,1.0,0.16666666666666666,0.8,0.26666666666666666,1.0,0.3333333333333333,1.0,1.0,0.26296296296296295,0.7333333333333333,0.36666666666666664,1.0,0.5,1.0,1.0,0.34621859621859624,0.65,0.43333333333333335,1.0,0.6666666666666666,1.0,1.0,0.3967087922970276,0.56,0.4666666666666667,1.0,0.8333333333333334,1.0,1.0,0.4179209135091488,0.5666666666666667,0.5666666666666667,1.0,1.0,1.0,1.0,0.47437593996417526,0.5142857142857142,0.6,0.8571428571428571,1.0,1.0,1.0,0.49255775814599345,0.475,0.6333333333333333,0.75,1.0,1.0,1.0,0.5096748752631106,0.4444444444444444,0.6666666666666666,0.6666666666666666,1.0,1.0,1.0,0.5255478911361264,0.42,0.7,0.6,1.0,1.0,1.0,0.5407652824404743
pte_testactive_Neg.pq::Arg0,1.0,0.03125,1.0,0.03125,1.0,1.0,0.03125,1.0,0.15625,1.0,0.15625,1.0,1.0,0.15625,1.0,0.3125,1.0,0.3125,1.0,1.0,0.3125,1.0,0.46875,1.0,0.46875,1.0,1.0,0.46875,1.0,0.625,1.0,0.625,1.0,1.0,0.625,1.0,0.78125,1.0,0.78125,1.0,1.0,0.78125,1.0,0.9375,1.0,0.9375,1.0,1.0,0.9375,0.8857142857142857,0.96875,0.9142857142857143,1.0,1.0,1.0,0.9677734375,0.775,0.96875,0.8,1.0,1.0,1.0,0.9677734375,0.6888888888888889,0.96875,0.7111111111111111,1.0,1.0,1.0,0.9677734375,0.62,0.96875,0.64,1.0,1.0,1.0,0.9677734375
edu.pq::country,1.0,0.03333333333333333,1.0,0.03333333333333333,1.0,1.0,0.03333333333333333,0.6,0.1,1.0,0.16666666666666666,1.0,1.0,0.1,0.7,0.23333333333333334,1.0,0.3333333333333333,1.0,1.0,0.18861111111111112,0.6666666666666666,0.3333333333333333,1.0,0.5,1.0,1.0,0.26166305916305915,0.5,0.3333333333333333,1.0,0.6666666666666666,1.0,1.0,0.26166305916305915,0.48,0.4,1.0,0.8333333333333334,1.0,1.0,0.29294083694083695,0.4,0.4,1.0,1.0,1.0,1.0,0.29294083694083695,0.34285714285714286,0.4,0.8571428571428571,1.0,1.0,1.0,0.29294083694083695,0.325,0.43333333333333335,0.75,1.0,1.0,1.0,0.3037741702741703,0.3333333333333333,0.5,0.6666666666666666,1.0,1.0,1.0,0.32678419107205264,0.34,0.5666666666666667,0.6,1.0,1.0,1.0,0.3490018781468826
AdventureWorks2014_CountryRegion.pq::Name,1.0,0.03333333333333333,1.0,0.03333333333333333,1.0,1.0,0.03333333333333333,0.6,0.1,1.0,0.16666666666666666,1.0,1.0,0.1,0.8,0.26666666666666666,1.0,0.3333333333333333,1.0,1.0,0.22362433862433864,0.8666666666666667,0.43333333333333335,1.0,0.5,1.0,1.0,0.36434028934028934,0.75,0.5,1.0,0.6666666666666666,1.0,1.0,0.4229187207128383,0.68,0.5666666666666667,1.0,0.8333333333333334,1.0,1.0,0.47407312186723954,0.6,0.6,1.0,1.0,1.0,1.0,0.49629534408946174,0.5142857142857142,0.6,0.8571428571428571,1.0,1.0,1.0,0.49629534408946174,0.5,0.6666666666666666,0.75,1.0,1.0,1.0,0.530554603348721,0.4444444444444444,0.6666666666666666,0.6666666666666666,1.0,1.0,1.0,0.530554603348721,0.42,0.7,0.6,1.0,1.0,1.0,0.5457719946530689
pte_methoxy.pq::Arg0,1.0,0.03125,1.0,0.03125,1.0,1.0,0.03125,1.0,0.15625,1.0,0.15625,1.0,1.0,0.15625,1.0,0.3125,1.0,0.3125,1.0,1.0,0.3125,1.0,0.46875,1.0,0.46875,1.0,1.0,0.46875,1.0,0.625,1.0,0.625,1.0,1.0,0.625,1.0,0.78125,1.0,0.78125,1.0,1.0,0.78125,0.9666666666666667,0.90625,1.0,0.9375,1.0,1.0,0.9041307471264368,0.8571428571428571,0.9375,0.9142857142857143,1.0,1.0,1.0,0.9325398380355276,0.775,0.96875,0.8,1.0,1.0,1.0,0.95944956025775,0.6888888888888889,0.96875,0.7111111111111111,1.0,1.0,1.0,0.95944956025775,0.62,0.96875,0.64,1.0,1.0,1.0,0.95944956025775
world-cities.pq::country,1.0,0.03333333333333333,1.0,0.03333333333333333,1.0,1.0,0.03333333333333333,0.8,0.13333333333333333,1.0,0.16666666666666666,1.0,1.0,0.11833333333333333,0.6,0.2,1.0,0.3333333333333333,1.0,1.0,0.1746825396825397,0.5333333333333333,0.26666666666666666,1.0,0.5,1.0,1.0,0.21494227994227993,0.5,0.3333333333333333,1.0,0.6666666666666666,1.0,1.0,0.24739842029315715,0.48,0.4,1.0,0.8333333333333334,1.0,1.0,0.2830405559352928,0.4666666666666667,0.4666666666666667,1.0,1.0,1.0,1.0,0.3140723019670388,0.42857142857142855,0.5,0.8571428571428571,1.0,1.0,1.0,0.329223817118554,0.425,0.5666666666666667,0.75,1.0,1.0,1.0,0.3581681460628829,0.37777777777777777,0.5666666666666667,0.6666666666666666,1.0,1.0,1.0,0.3581681460628829,0.34,0.5666666666666667,0.6,1.0,1.0,1.0,0.3581681460628829
movies.pq::country,1.0,0.03333333333333333,1.0,0.03333333333333333,1.0,1.0,0.03333333333333333,0.6,0.1,1.0,0.16666666666666666,1.0,1.0,0.09166666666666666,0.6,0.2,1.0,0.3333333333333333,1.0,1.0,0.15472222222222223,0.5333333333333333,0.26666666666666666,1.0,0.5,1.0,1.0,0.19194444444444442,0.45,0.3,1.0,0.6666666666666666,1.0,1.0,0.21069444444444443,0.4,0.3333333333333333,1.0,0.8333333333333334,1.0,1.0,0.22458333333333333,0.36666666666666664,0.36666666666666664,1.0,1.0,1.0,1.0,0.2381635802469136,0.34285714285714286,0.4,0.8571428571428571,1.0,1.0,1.0,0.2506635802469136,0.3,0.4,0.75,1.0,1.0,1.0,0.2506635802469136,0.28888888888888886,0.43333333333333335,0.6666666666666666,1.0,1.0,1.0,0.2612326859379705,0.3,0.5,0.6,1.0,1.0,1.0,0.28179428014086905
countries_data.pq::CountryName,1.0,0.03333333333333333,1.0,0.03333333333333333,1.0,1.0,0.03333333333333333,1.0,0.16666666666666666,1.0,0.16666666666666666,1.0,1.0,0.16666666666666666,0.9,0.3,1.0,0.3333333333333333,1.0,1.0,0.3,0.7333333333333333,0.36666666666666664,1.0,0.5,1.0,1.0,0.35598290598290594,0.65,0.43333333333333335,1.0,0.6666666666666666,1.0,1.0,0.40358639182168593,0.52,0.43333333333333335,1.0,0.8333333333333334,1.0,1.0,0.40358639182168593,0.4666666666666667,0.4666666666666667,1.0,1.0,1.0,1.0,0.42087034243896987,0.42857142857142855,0.5,0.8571428571428571,1.0,1.0,1.0,0.43649534243896987,0.375,0.5,0.75,1.0,1.0,1.0,0.43649534243896987,0.35555555555555557,0.5333333333333333,0.6666666666666666,1.0,1.0,1.0,0.448616554560182,0.34,0.5666666666666667,0.6,1.0,1.0,1.0,0.4601811804105222
pte_alcohol.pq::Arg0,1.0,0.03125,1.0,0.03125,1.0,1.0,0.03125,1.0,0.15625,1.0,0.15625,1.0,1.0,0.15625,1.0,0.3125,1.0,0.3125,1.0,1.0,0.3125,1.0,0.46875,1.0,0.46875,1.0,1.0,0.46875,1.0,0.625,1.0,0.625,1.0,1.0,0.625,0.96,0.75,1.0,0.78125,1.0,1.0,0.75,0.9333333333333333,0.875,1.0,0.9375,1.0,1.0,0.8684021637685431,0.8285714285714286,0.90625,0.9142857142857143,1.0,1.0,1.0,0.8958642849806643,0.725,0.90625,0.8,1.0,1.0,1.0,0.8958642849806643,0.6666666666666666,0.9375,0.7111111111111111,1.0,1.0,1.0,0.9187301386392008,0.62,0.96875,0.64,1.0,1.0,1.0,0.9393418407668604
pte_phenol.pq::Arg0,1.0,0.03125,1.0,0.03125,1.0,1.0,0.03125,1.0,0.15625,1.0,0.15625,1.0,1.0,0.15625,1.0,0.3125,1.0,0.3125,1.0,1.0,0.3125,1.0,0.46875,1.0,0.46875,1.0,1.0,0.46875,1.0,0.625,1.0,0.625,1.0,1.0,0.625,1.0,0.78125,1.0,0.78125,1.0,1.0,0.78125,0.9666666666666667,0.90625,1.0,0.9375,1.0,1.0,0.9041307471264368,0.8857142857142857,0.96875,0.9142857142857143,1.0,1.0,1.0,0.9593828479667729,0.775,0.96875,0.8,1.0,1.0,1.0,0.9593828479667729,0.6888888888888889,0.96875,0.7111111111111111,1.0,1.0,1.0,0.9593828479667729,0.62,0.96875,0.64,1.0,1.0,1.0,0.9593828479667729
pte_ester.pq::Arg0,1.0,0.03125,1.0,0.03125,1.0,1.0,0.03125,1.0,0.15625,1.0,0.15625,1.0,1.0,0.15625,1.0,0.3125,1.0,0.3125,1.0,1.0,0.3125,1.0,0.46875,1.0,0.46875,1.0,1.0,0.46875,1.0,0.625,1.0,0.625,1.0,1.0,0.625,1.0,0.78125,1.0,0.78125,1.0,1.0,0.78125,0.9333333333333333,0.875,1.0,0.9375,1.0,1.0,0.872806342364532,0.8857142857142857,0.96875,0.9142857142857143,1.0,1.0,1.0,0.9555205644169894,0.775,0.96875,0.8,1.0,1.0,1.0,0.9555205644169894,0.6888888888888889,0.96875,0.7111111111111111,1.0,1.0,1.0,0.9555205644169894,0.62,0.96875,0.64,1.0,1.0,1.0,0.9555205644169894
pte_non_ar_hetero_5_ring.pq::Arg0,1.0,0.03125,1.0,0.03125,1.0,1.0,0.03125,1.0,0.15625,1.0,0.15625,1.0,1.0,0.15625,1.0,0.3125,1.0,0.3125,1.0,1.0,0.3125,1.0,0.46875,1.0,0.46875,1.0,1.0,0.46875,1.0,0.625,1.0,0.625,1.0,1.0,0.625,1.0,0.78125,1.0,0.78125,1.0,1.0,0.78125,0.9666666666666667,0.90625,1.0,0.9375,1.0,1.0,0.9052083333333333,0.8857142857142857,0.96875,0.9142857142857143,1.0,1.0,1.0,0.963861268939394,0.775,0.96875,0.8,1.0,1.0,1.0,0.963861268939394,0.6888888888888889,0.96875,0.7111111111111111,1.0,1.0,1.0,0.963861268939394,0.62,0.96875,0.64,1.0,1.0,1.0,0.963861268939394
population_by_country_2020.pq::CountryDependency,1.0,0.03333333333333333,1.0,0.03333333333333333,1.0,1.0,0.03333333333333333,0.8,0.13333333333333333,1.0,0.16666666666666666,1.0,1.0,0.13333333333333333,0.9,0.3,1.0,0.3333333333333333,1.0,1.0,0.278478835978836,0.7333333333333333,0.36666666666666664,1.0,0.5,1.0,1.0,0.3307010582010582,0.7,0.4666666666666667,1.0,0.6666666666666666,1.0,1.0,0.40184140907825117,0.64,0.5333333333333333,1.0,0.8333333333333334,1.0,1.0,0.44400807574491785,0.5666666666666667,0.5666666666666667,1.0,1.0,1.0,1.0,0.4628969646338067,0.5142857142857142,0.6,0.8571428571428571,1.0,1.0,1.0,0.48107878281562494,0.45,0.6,0.75,1.0,1.0,1.0,0.48107878281562494,0.4222222222222222,0.6333333333333333,0.6666666666666666,1.0,1.0,1.0,0.49615814789498996,0.4,0.6666666666666666,0.6,1.0,1.0,1.0,0.5097635900718608
pte_non_ar_5c_ring.pq::Arg0,1.0,0.03125,1.0,0.03125,1.0,1.0,0.03125,1.0,0.15625,1.0,0.15625,1.0,1.0,0.15625,1.0,0.3125,1.0,0.3125,1.0,1.0,0.3125,1.0,0.46875,1.0,0.46875,1.0,1.0,0.46875,1.0,0.625,1.0,0.625,1.0,1.0,0.625,1.0,0.78125,1.0,0.78125,1.0,1.0,0.78125,0.9666666666666667,0.90625,1.0,0.9375,1.0,1.0,0.9052083333333333,0.8285714285714286,0.90625,0.9142857142857143,1.0,1.0,1.0,0.9052083333333333,0.775,0.96875,0.8,1.0,1.0,1.0,0.95546875,0.6888888888888889,0.96875,0.7111111111111111,1.0,1.0,1.0,0.95546875,0.62,0.96875,0.64,1.0,1.0,1.0,0.95546875
fifa_ranking.pq::country_full,1.0,0.03333333333333333,1.0,0.03333333333333333,1.0,1.0,0.03333333333333333,1.0,0.16666666666666666,1.0,0.16666666666666666,1.0,1.0,0.16666666666666666,0.9,0.3,1.0,0.3333333333333333,1.0,1.0,0.28879629629629633,0.9333333333333333,0.4666666666666667,1.0,0.5,1.0,1.0,0.442487604987605,0.8,0.5333333333333333,1.0,0.6666666666666666,1.0,1.0,0.5015289993231169,0.76,0.6333333333333333,1.0,0.8333333333333334,1.0,1.0,0.5811191869133047,0.7,0.7,1.0,1.0,1.0,1.0,0.6308105449379959,0.6571428571428571,0.7666666666666667,0.8571428571428571,1.0,1.0,1.0,0.6784247922498239,0.575,0.7666666666666667,0.75,1.0,1.0,1.0,0.6784247922498239,0.5333333333333333,0.8,0.6666666666666666,1.0,1.0,1.0,0.6979369873717751,0.5,0.8333333333333334,0.6,1.0,1.0,1.0,0.7152980984828863
countries_of_the_world.pq::Country,1.0,0.03333333333333333,1.0,0.03333333333333333,1.0,1.0,0.03333333333333333,1.0,0.16666666666666666,1.0,0.16666666666666666,1.0,1.0,0.16666666666666666,1.0,0.3333333333333333,1.0,0.3333333333333333,1.0,1.0,0.3333333333333333,0.8666666666666667,0.43333333333333335,1.0,0.5,1.0,1.0,0.4256105006105006,0.8,0.5333333333333333,1.0,0.6666666666666666,1.0,1.0,0.5077596234175181,0.72,0.6,1.0,0.8333333333333334,1.0,1.0,0.5587437504016451,0.6333333333333333,0.6333333333333333,1.0,1.0,1.0,1.0,0.582200540525102,0.5714285714285714,0.6666666666666666,0.8571428571428571,1.0,1.0,1.0,0.603705916869188,0.525,0.7,0.75,1.0,1.0,1.0,0.622126969500767,0.5111111111111111,0.7666666666666667,0.6666666666666666,1.0,1.0,1.0,0.6566054754909008,0.46,0.7666666666666667,0.6,1.0,1.0,1.0,0.6566054754909008
pte_ketone.pq::Arg0,1.0,0.03125,1.0,0.03125,1.0,1.0,0.03125,1.0,0.15625,1.0,0.15625,1.0,1.0,0.15625,1.0,0.3125,1.0,0.3125,1.0,1.0,0.3125,1.0,0.46875,1.0,0.46875,1.0,1.0,0.46875,1.0,0.625,1.0,0.625,1.0,1.0,0.625,1.0,0.78125,1.0,0.78125,1.0,1.0,0.78125,0.9333333333333333,0.875,1.0,0.9375,1.0,1.0,0.8739224137931034,0.8285714285714286,0.90625,0.9142857142857143,1.0,1.0,1.0,0.9031562847608454,0.75,0.9375,0.8,1.0,1.0,1.0,0.929197951427512,0.6888888888888889,0.96875,0.7111111111111111,1.0,1.0,1.0,0.9517270211949539,0.62,0.96875,0.64,1.0,1.0,1.0,0.9517270211949539
who_suicide_statistics.pq::country,1.0,0.03333333333333333,1.0,0.03333333333333333,1.0,1.0,0.03333333333333333,0.8,0.13333333333333333,1.0,0.16666666666666666,1.0,1.0,0.12666666666666665,0.6,0.2,1.0,0.3333333333333333,1.0,1.0,0.17666666666666667,0.6,0.3,1.0,0.5,1.0,1.0,0.23982017982017984,0.55,0.36666666666666664,1.0,0.6666666666666666,1.0,1.0,0.2766720316720317,0.48,0.4,1.0,0.8333333333333334,1.0,1.0,0.29406333601985774,0.43333333333333335,0.43333333333333335,1.0,1.0,1.0,1.0,0.30953952649604827,0.4,0.4666666666666667,0.8571428571428571,1.0,1.0,1.0,0.32459328993690845,0.35,0.4666666666666667,0.75,1.0,1.0,1.0,0.32459328993690845,0.3111111111111111,0.4666666666666667,0.6666666666666666,1.0,1.0,1.0,0.32459328993690845,0.3,0.5,0.6,1.0,1.0,1.0,0.3347973715695615
UKDebate.pq::country,0.0,0.0,1.0,0.03333333333333333,0.0,0.0,0.0,0.2,0.03333333333333333,1.0,0.16666666666666666,1.0,0.3333333333333333,0.01111111111111111,0.1,0.03333333333333333,1.0,0.3333333333333333,1.0,0.3333333333333333,0.01111111111111111,0.06666666666666667,0.03333333333333333,1.0,0.5,1.0,0.3333333333333333,0.01111111111111111,0.05,0.03333333333333333,1.0,0.6666666666666666,1.0,0.3333333333333333,0.01111111111111111,0.04,0.03333333333333333,1.0,0.8333333333333334,1.0,0.3333333333333333,0.01111111111111111,0.03333333333333333,0.03333333333333333,1.0,1.0,1.0,0.3333333333333333,0.01111111111111111,0.05714285714285714,0.06666666666666667,0.8571428571428571,1.0,1.0,0.3333333333333333,0.013015873015873015,0.05,0.06666666666666667,0.75,1.0,1.0,0.3333333333333333,0.013015873015873015,0.044444444444444446,0.06666666666666667,0.6666666666666666,1.0,1.0,0.3333333333333333,0.013015873015873015,0.04,0.06666666666666667,0.6,1.0,1.0,0.3333333333333333,0.013015873015873015
World_countries_env_vars.pq::Country,1.0,0.03333333333333333,1.0,0.03333333333333333,1.0,1.0,0.03333333333333333,0.8,0.13333333333333333,1.0,0.16666666666666666,1.0,1.0,0.10722222222222223,0.7,0.23333333333333334,1.0,0.3333333333333333,1.0,1.0,0.19273809523809524,0.7333333333333333,0.36666666666666664,1.0,0.5,1.0,1.0,0.29023448773448773,0.7,0.4666666666666667,1.0,0.6666666666666666,1.0,1.0,0.36137483861168074,0.6,0.5,1.0,0.8333333333333334,1.0,1.0,0.38220817194501405,0.5333333333333333,0.5333333333333333,1.0,1.0,1.0,1.0,0.40272099245783455,0.4857142857142857,0.5666666666666667,0.8571428571428571,1.0,1.0,1.0,0.4204293257911679,0.425,0.5666666666666667,0.75,1.0,1.0,1.0,0.4204293257911679,0.4,0.6,0.6666666666666666,1.0,1.0,1.0,0.4350634721326313,0.38,0.6333333333333333,0.6,1.0,1.0,1.0,0.44798864220065854
USA_cars_datasets.pq::country,0.0,0.0,1.0,0.03333333333333333,0.0,0.0,0.0,0.0,0.0,1.0,0.16666666666666666,0.0,0.0,0.0,0.0,0.0,1.0,0.3333333333333333,0.0,0.0,0.0,0.0,0.0,1.0,0.5,0.0,0.0,0.0,0.05,0.03333333333333333,1.0,0.6666666666666666,1.0,0.058823529411764705,0.00196078431372549,0.04,0.03333333333333333,1.0,0.8333333333333334,1.0,0.058823529411764705,0.00196078431372549,0.03333333333333333,0.03333333333333333,1.0,1.0,1.0,0.058823529411764705,0.00196078431372549,0.02857142857142857,0.03333333333333333,0.8571428571428571,1.0,1.0,0.058823529411764705,0.00196078431372549,0.025,0.03333333333333333,0.75,1.0,1.0,0.058823529411764705,0.00196078431372549,0.022222222222222223,0.03333333333333333,0.6666666666666666,1.0,1.0,0.058823529411764705,0.00196078431372549,0.02,0.03333333333333333,0.6,1.0,1.0,0.058823529411764705,0.00196078431372549
netflix_titles.pq::country,1.0,0.03333333333333333,1.0,0.03333333333333333,1.0,1.0,0.03333333333333333,1.0,0.16666666666666666,1.0,0.16666666666666666,1.0,1.0,0.16666666666666666,0.9,0.3,1.0,0.3333333333333333,1.0,1.0,0.3,0.8666666666666667,0.43333333333333335,1.0,0.5,1.0,1.0,0.41596847596847597,0.75,0.5,1.0,0.6666666666666666,1.0,1.0,0.47454690734102495,0.68,0.5666666666666667,1.0,0.8333333333333334,1.0,1.0,0.5235548438489614,0.5666666666666667,0.5666666666666667,1.0,1.0,1.0,1.0,0.5235548438489614,0.5142857142857142,0.6,0.8571428571428571,1.0,1.0,1.0,0.5423048438489615,0.5,0.6666666666666666,0.75,1.0,1.0,1.0,0.5756381771822948,0.4444444444444444,0.6666666666666666,0.6666666666666666,1.0,1.0,1.0,0.5756381771822948,0.42,0.7,0.6,1.0,1.0,1.0,0.5908555684866427
pte_ames.pq::Arg0,1.0,0.03125,1.0,0.03125,1.0,1.0,0.03125,1.0,0.15625,1.0,0.15625,1.0,1.0,0.15625,1.0,0.3125,1.0,0.3125,1.0,1.0,0.3125,1.0,0.46875,1.0,0.46875,1.0,1.0,0.46875,1.0,0.625,1.0,0.625,1.0,1.0,0.625,0.88,0.6875,1.0,0.78125,1.0,1.0,0.6875,0.9,0.84375,1.0,0.9375,1.0,1.0,0.8269660356406046,0.7714285714285715,0.84375,0.9142857142857143,1.0,1.0,1.0,0.8269660356406046,0.725,0.90625,0.8,1.0,1.0,1.0,0.8757648344394035,0.6888888888888889,0.96875,0.7111111111111111,1.0,1.0,1.0,0.9206477335524854,0.62,0.96875,0.64,1.0,1.0,1.0,0.9206477335524854
movie_metadata.pq::country,1.0,0.03333333333333333,1.0,0.03333333333333333,1.0,1.0,0.03333333333333333,0.6,0.1,1.0,0.16666666666666666,1.0,1.0,0.07555555555555556,0.6,0.2,1.0,0.3333333333333333,1.0,1.0,0.1438095238095238,0.5333333333333333,0.26666666666666666,1.0,0.5,1.0,1.0,0.1827994227994228,0.45,0.3,1.0,0.6666666666666666,1.0,1.0,0.2015494227994228,0.44,0.36666666666666664,1.0,0.8333333333333334,1.0,1.0,0.2313676046176046,0.43333333333333335,0.43333333333333335,1.0,1.0,1.0,1.0,0.26009776334776336,0.45714285714285713,0.5333333333333333,0.8571428571428571,1.0,1.0,1.0,0.30601462202671875,0.45,0.6,0.75,1.0,1.0,1.0,0.33797157898367575,0.4222222222222222,0.6333333333333333,0.6666666666666666,1.0,1.0,1.0,0.35341873345522046,0.38,0.6333333333333333,0.6,1.0,1.0,1.0,0.35341873345522046
world_country.pq::LocalName,1.0,0.034482758620689655,1.0,0.034482758620689655,1.0,1.0,0.034482758620689655,1.0,0.1724137931034483,1.0,0.1724137931034483,1.0,1.0,0.1724137931034483,0.9,0.3103448275862069,1.0,0.3448275862068966,1.0,1.0,0.2987547892720307,0.7333333333333333,0.3793103448275862,1.0,0.5172413793103449,1.0,1.0,0.3527777777777778,0.65,0.4482758620689655,1.0,0.6896551724137931,1.0,1.0,0.4007120149935352,0.52,0.4482758620689655,1.0,0.8620689655172413,1.0,1.0,0.4007120149935352,0.5333333333333333,0.5517241379310345,0.9666666666666667,1.0,1.0,1.0,0.45608984058539176,0.4857142857142857,0.5862068965517241,0.8285714285714286,1.0,1.0,1.0,0.47440880610263314,0.425,0.5862068965517241,0.725,1.0,1.0,1.0,0.47440880610263314,0.4,0.6206896551724138,0.6444444444444445,1.0,1.0,1.0,0.4888434492461776,0.36,0.6206896551724138,0.58,1.0,1.0,1.0,0.4888434492461776
countries_metadatacountries.pq::CountryName,1.0,0.03333333333333333,1.0,0.03333333333333333,1.0,1.0,0.03333333333333333,1.0,0.16666666666666666,1.0,0.16666666666666666,1.0,1.0,0.16666666666666666,0.9,0.3,1.0,0.3333333333333333,1.0,1.0,0.3,0.8,0.4,1.0,0.5,1.0,1.0,0.3845543345543346,0.7,0.4666666666666667,1.0,0.6666666666666666,1.0,1.0,0.43756359381359383,0.64,0.5333333333333333,1.0,0.8333333333333334,1.0,1.0,0.48561554186554184,0.5666666666666667,0.5666666666666667,1.0,1.0,1.0,1.0,0.5066031961865295,0.5142857142857142,0.6,0.8571428571428571,1.0,1.0,1.0,0.5247850143683477,0.45,0.6,0.75,1.0,1.0,1.0,0.5247850143683477,0.4,0.6,0.6666666666666666,1.0,1.0,1.0,0.5247850143683477,0.38,0.6333333333333333,0.6,1.0,1.0,1.0,0.5382601916733123
pte_postestactive_neg.pq::Arg0,1.0,0.03125,1.0,0.03125,1.0,1.0,0.03125,1.0,0.15625,1.0,0.15625,1.0,1.0,0.15625,1.0,0.3125,1.0,0.3125,1.0,1.0,0.3125,1.0,0.46875,1.0,0.46875,1.0,1.0,0.46875,1.0,0.625,1.0,0.625,1.0,1.0,0.625,1.0,0.78125,1.0,0.78125,1.0,1.0,0.78125,1.0,0.9375,1.0,0.9375,1.0,1.0,0.9375,0.8857142857142857,0.96875,0.9142857142857143,1.0,1.0,1.0,0.9659926470588235,0.775,0.96875,0.8,1.0,1.0,1.0,0.9659926470588235,0.6888888888888889,0.96875,0.7111111111111111,1.0,1.0,1.0,0.9659926470588235,0.62,0.96875,0.64,1.0,1.0,1.0,0.9659926470588235
pte_alkyl_halide.pq::Arg0,1.0,0.03125,1.0,0.03125,1.0,1.0,0.03125,1.0,0.15625,1.0,0.15625,1.0,1.0,0.15625,1.0,0.3125,1.0,0.3125,1.0,1.0,0.3125,1.0,0.46875,1.0,0.46875,1.0,1.0,0.46875,1.0,0.625,1.0,0.625,1.0,1.0,0.625,1.0,0.78125,1.0,0.78125,1.0,1.0,0.78125,0.9333333333333333,0.875,1.0,0.9375,1.0,1.0,0.8729166666666667,0.8571428571428571,0.9375,0.9142857142857143,1.0,1.0,1.0,0.9271645021645022,0.775,0.96875,0.8,1.0,1.0,1.0,0.9540742243867244,0.6888888888888889,0.96875,0.7111111111111111,1.0,1.0,1.0,0.9540742243867244,0.62,0.96875,0.64,1.0,1.0,1.0,0.9540742243867244
pte_testactive.pq::Arg0,1.0,0.03125,1.0,0.03125,1.0,1.0,0.03125,1.0,0.15625,1.0,0.15625,1.0,1.0,0.15625,1.0,0.3125,1.0,0.3125,1.0,1.0,0.3125,1.0,0.46875,1.0,0.46875,1.0,1.0,0.46875,1.0,0.625,1.0,0.625,1.0,1.0,0.625,1.0,0.78125,1.0,0.78125,1.0,1.0,0.78125,0.9666666666666667,0.90625,1.0,0.9375,1.0,1.0,0.90625,0.8857142857142857,0.96875,0.9142857142857143,1.0,1.0,1.0,0.9631517379679144,0.775,0.96875,0.8,1.0,1.0,1.0,0.9631517379679144,0.6888888888888889,0.96875,0.7111111111111111,1.0,1.0,1.0,0.9631517379679144,0.62,0.96875,0.64,1.0,1.0,1.0,0.9631517379679144
hfi_cc_2018.pq::countries,1.0,0.03333333333333333,1.0,0.03333333333333333,1.0,1.0,0.03333333333333333,1.0,0.16666666666666666,1.0,0.16666666666666666,1.0,1.0,0.16666666666666666,1.0,0.3333333333333333,1.0,0.3333333333333333,1.0,1.0,0.3333333333333333,0.8666666666666667,0.43333333333333335,1.0,0.5,1.0,1.0,0.4263247863247864,0.75,0.5,1.0,0.6666666666666666,1.0,1.0,0.4758861898335583,0.68,0.5666666666666667,1.0,0.8333333333333334,1.0,1.0,0.5237397251870937,0.7,0.7,1.0,1.0,1.0,1.0,0.6165952774679333,0.6571428571428571,0.7666666666666667,0.8571428571428571,1.0,1.0,1.0,0.6627442673669232,0.6,0.8,0.75,1.0,1.0,1.0,0.6837968989458705,0.5555555555555556,0.8333333333333334,0.6666666666666666,1.0,1.0,1.0,0.7027362928852644,0.5,0.8333333333333334,0.6,1.0,1.0,1.0,0.7027362928852644
wikipedia-iso-country-codes.pq::English_short_name_lower_case,1.0,0.03333333333333333,1.0,0.03333333333333333,1.0,1.0,0.03333333333333333,1.0,0.16666666666666666,1.0,0.16666666666666666,1.0,1.0,0.16666666666666666,0.8,0.26666666666666666,1.0,0.3333333333333333,1.0,1.0,0.26296296296296295,0.7333333333333333,0.36666666666666664,1.0,0.5,1.0,1.0,0.34420394420394423,0.75,0.5,1.0,0.6666666666666666,1.0,1.0,0.44283942178679025,0.72,0.6,1.0,0.8333333333333334,1.0,1.0,0.5189938229411913,0.6333333333333333,0.6333333333333333,1.0,1.0,1.0,1.0,0.5408329034009615,0.5714285714285714,0.6666666666666666,0.8571428571428571,1.0,1.0,1.0,0.5604407465382164,0.55,0.7333333333333333,0.75,1.0,1.0,1.0,0.5967227978202677,0.5111111111111111,0.7666666666666667,0.6666666666666666,1.0,1.0,1.0,0.6137598348573047,0.46,0.7666666666666667,0.6,1.0,1.0,1.0,0.6137598348573047
affirmative_asylum.pq::ContinentCountryofNationality,1.0,0.03125,1.0,0.03125,1.0,1.0,0.03125,1.0,0.15625,1.0,0.15625,1.0,1.0,0.15625,0.9,0.28125,1.0,0.3125,1.0,1.0,0.28125,0.8,0.375,1.0,0.46875,1.0,1.0,0.3611013986013986,0.75,0.46875,1.0,0.625,1.0,1.0,0.4301346588353167,0.68,0.53125,1.0,0.78125,1.0,1.0,0.4780919099175678,0.6,0.5625,1.0,0.9375,1.0,1.0,0.49892524325090115,0.5714285714285714,0.625,0.9142857142857143,1.0,1.0,1.0,0.5364608219985292,0.55,0.6875,0.8,1.0,1.0,1.0,0.5722894137481737,0.5111111111111111,0.71875,0.7111111111111111,1.0,1.0,1.0,0.5882616359703958,0.48,0.75,0.64,1.0,1.0,1.0,0.6042190827789065
countries_and_continents.pq::name,1.0,0.037037037037037035,1.0,0.037037037037037035,1.0,1.0,0.037037037037037035,1.0,0.18518518518518517,1.0,0.18518518518518517,1.0,1.0,0.18518518518518517,0.8,0.2962962962962963,1.0,0.37037037037037035,1.0,1.0,0.278968253968254,0.6666666666666666,0.37037037037037035,1.0,0.5555555555555556,1.0,1.0,0.33396264229597566,0.55,0.4074074074074074,1.0,0.7407407407407407,1.0,1.0,0.3565963871519427,0.52,0.48148148148148145,1.0,0.9259259259259259,1.0,1.0,0.3977323848096795,0.43333333333333335,0.48148148148148145,0.9,1.0,1.0,1.0,0.3977323848096795,0.42857142857142855,0.5555555555555556,0.7714285714285715,1.0,1.0,1.0,0.4312938054678743,0.4,0.5925925925925926,0.675,1.0,1.0,1.0,0.44610862028268916,0.35555555555555557,0.5925925925925926,0.6,1.0,1.0,1.0,0.44610862028268916,0.34,0.6296296296296297,0.54,1.0,1.0,1.0,0.45950499538119194
pte_postestactive.pq::Arg0,1.0,0.03125,1.0,0.03125,1.0,1.0,0.03125,1.0,0.15625,1.0,0.15625,1.0,1.0,0.15625,1.0,0.3125,1.0,0.3125,1.0,1.0,0.3125,1.0,0.46875,1.0,0.46875,1.0,1.0,0.46875,1.0,0.625,1.0,0.625,1.0,1.0,0.625,1.0,0.78125,1.0,0.78125,1.0,1.0,0.78125,0.9666666666666667,0.90625,1.0,0.9375,1.0,1.0,0.90625,0.8857142857142857,0.96875,0.9142857142857143,1.0,1.0,1.0,0.9649845825426945,0.775,0.96875,0.8,1.0,1.0,1.0,0.9649845825426945,0.6888888888888889,0.96875,0.7111111111111111,1.0,1.0,1.0,0.9649845825426945,0.62,0.96875,0.64,1.0,1.0,1.0,0.9649845825426945
pte_five_ring.pq::Arg0,1.0,0.03125,1.0,0.03125,1.0,1.0,0.03125,1.0,0.15625,1.0,0.15625,1.0,1.0,0.15625,1.0,0.3125,1.0,0.3125,1.0,1.0,0.3125,1.0,0.46875,1.0,0.46875,1.0,1.0,0.46875,1.0,0.625,1.0,0.625,1.0,1.0,0.625,1.0,0.78125,1.0,0.78125,1.0,1.0,0.78125,0.9333333333333333,0.875,1.0,0.9375,1.0,1.0,0.875,0.8571428571428571,0.9375,0.9142857142857143,1.0,1.0,1.0,0.9310195852534562,0.775,0.96875,0.8,1.0,1.0,1.0,0.9579293074756784,0.6888888888888889,0.96875,0.7111111111111111,1.0,1.0,1.0,0.9579293074756784,0.62,0.96875,0.64,1.0,1.0,1.0,0.9579293074756784
MoviesOnStreamingPlatforms_updated.pq::Country,1.0,0.03333333333333333,1.0,0.03333333333333333,1.0,1.0,0.03333333333333333,1.0,0.16666666666666666,1.0,0.16666666666666666,1.0,1.0,0.16666666666666666,0.9,0.3,1.0,0.3333333333333333,1.0,1.0,0.28879629629629633,0.7333333333333333,0.36666666666666664,1.0,0.5,1.0,1.0,0.3496548821548821,0.6,0.4,1.0,0.6666666666666666,1.0,1.0,0.3707075137338295,0.52,0.43333333333333335,1.0,0.8333333333333334,1.0,1.0,0.39040448343079925,0.4666666666666667,0.4666666666666667,1.0,1.0,1.0,1.0,0.4083532013795172,0.4,0.4666666666666667,0.8571428571428571,1.0,1.0,1.0,0.4083532013795172,0.375,0.5,0.75,1.0,1.0,1.0,0.42085320137951715,0.3333333333333333,0.5,0.6666666666666666,1.0,1.0,1.0,0.42085320137951715,0.3,0.5,0.6,1.0,1.0,1.0,0.42085320137951715
pte_amine.pq::Arg0,1.0,0.03125,1.0,0.03125,1.0,1.0,0.03125,1.0,0.15625,1.0,0.15625,1.0,1.0,0.15625,1.0,0.3125,1.0,0.3125,1.0,1.0,0.3125,1.0,0.46875,1.0,0.46875,1.0,1.0,0.46875,1.0,0.625,1.0,0.625,1.0,1.0,0.625,0.96,0.75,1.0,0.78125,1.0,1.0,0.7474479166666667,0.9,0.84375,1.0,0.9375,1.0,1.0,0.8357135861823362,0.8285714285714286,0.90625,0.9142857142857143,1.0,1.0,1.0,0.8898322497768062,0.75,0.9375,0.8,1.0,1.0,1.0,0.9158739164434729,0.6888888888888889,0.96875,0.7111111111111111,1.0,1.0,1.0,0.9384029862109148,0.62,0.96875,0.64,1.0,1.0,1.0,0.9384029862109148
AdventureWorks2014_salesTerritory.pq::Name,0.0,0.0,1.0,0.03333333333333333,0.0,0.0,0.0,0.0,0.0,1.0,0.16666666666666666,0.0,0.0,0.0,0.0,0.0,1.0,0.3333333333333333,0.0,0.0,0.0,0.0,0.0,1.0,0.5,0.0,0.0,0.0,0.0,0.0,1.0,0.6666666666666666,0.0,0.0,0.0,0.0,0.0,1.0,0.8333333333333334,0.0,0.0,0.0,0.0,0.0,1.0,1.0,0.0,0.0,0.0,0.02857142857142857,0.03333333333333333,0.8571428571428571,1.0,1.0,0.029411764705882353,0.000980392156862745,0.05,0.06666666666666667,0.75,1.0,1.0,0.029411764705882353,0.002689793866264454,0.08888888888888889,0.13333333333333333,0.6666666666666666,1.0,1.0,0.029411764705882353,0.008033709210179799,0.08,0.13333333333333333,0.6,1.0,1.0,0.029411764705882353,0.008033709210179799
whr2015.pq::Country,1.0,0.03333333333333333,1.0,0.03333333333333333,1.0,1.0,0.03333333333333333,1.0,0.16666666666666666,1.0,0.16666666666666666,1.0,1.0,0.16666666666666666,1.0,0.3333333333333333,1.0,0.3333333333333333,1.0,1.0,0.3333333333333333,0.9333333333333333,0.4666666666666667,1.0,0.5,1.0,1.0,0.4666666666666667,0.8,0.5333333333333333,1.0,0.6666666666666666,1.0,1.0,0.5259868421052631,0.68,0.5666666666666667,1.0,0.8333333333333334,1.0,1.0,0.5517444178628389,0.6333333333333333,0.6333333333333333,1.0,1.0,1.0,1.0,0.5959324520508731,0.6285714285714286,0.7333333333333333,0.8571428571428571,1.0,1.0,1.0,0.6583064016307051,0.575,0.7666666666666667,0.75,1.0,1.0,1.0,0.6774730682973717,0.5111111111111111,0.7666666666666667,0.6666666666666666,1.0,1.0,1.0,0.6774730682973717,0.48,0.8,0.6,1.0,1.0,1.0,0.6941397349640384
countries_and_continents.pq::official_name_fr,1.0,0.037037037037037035,1.0,0.037037037037037035,1.0,1.0,0.037037037037037035,1.0,0.18518518518518517,1.0,0.18518518518518517,1.0,1.0,0.18518518518518517,0.7,0.25925925925925924,1.0,0.37037037037037035,1.0,1.0,0.23580246913580247,0.6666666666666666,0.37037037037037035,1.0,0.5555555555555556,1.0,1.0,0.3125898792565459,0.6,0.4444444444444444,1.0,0.7407407407407407,1.0,1.0,0.3599468337342434,0.56,0.5185185185185185,1.0,0.9259259259259259,1.0,1.0,0.40248574946156496,0.5,0.5555555555555556,0.9,1.0,1.0,1.0,0.4210042679800835,0.42857142857142855,0.5555555555555556,0.7714285714285715,1.0,1.0,1.0,0.4210042679800835,0.425,0.6296296296296297,0.675,1.0,1.0,1.0,0.4540343741096048,0.4,0.6666666666666666,0.6,1.0,1.0,1.0,0.4702945367112308,0.38,0.7037037037037037,0.54,1.0,1.0,1.0,0.4855924433134852
pte_has_property.pq::Arg0,1.0,0.03125,1.0,0.03125,1.0,1.0,0.03125,1.0,0.15625,1.0,0.15625,1.0,1.0,0.15625,1.0,0.3125,1.0,0.3125,1.0,1.0,0.3125,1.0,0.46875,1.0,0.46875,1.0,1.0,0.46875,1.0,0.625,1.0,0.625,1.0,1.0,0.625,1.0,0.78125,1.0,0.78125,1.0,1.0,0.78125,0.9,0.84375,1.0,0.9375,1.0,1.0,0.84375,0.8571428571428571,0.9375,0.9142857142857143,1.0,1.0,1.0,0.9287052098607038,0.775,0.96875,0.8,1.0,1.0,1.0,0.9548876422931363,0.6888888888888889,0.96875,0.7111111111111111,1.0,1.0,1.0,0.9548876422931363,0.62,0.96875,0.64,1.0,1.0,1.0,0.9548876422931363
