model_name,embeddings,epoch,train_loss
cl_noval,distilroberta-dj_adpt+mini_l12-dj_adpt+mini_l6-dj_adpt+gte_base-dj_adpt+gtr_t5-dj_adpt+mpnet-dj_adpt+kalm_instruct_v2_5-dj_adpt+qwen3_06b-dj_adpt+qwen3_4b-dj_adpt+kalm_gemma3_12b-dj_adpt+llama_nemotron_8b-dj_adpt+qwen3_8b-dj_adpt,0.0,4.454825401306152
cl_noval,distilroberta-dj_adpt+mini_l12-dj_adpt+mini_l6-dj_adpt+gte_base-dj_adpt+gtr_t5-dj_adpt+mpnet-dj_adpt+kalm_instruct_v2_5-dj_adpt+qwen3_06b-dj_adpt+qwen3_4b-dj_adpt+kalm_gemma3_12b-dj_adpt+llama_nemotron_8b-dj_adpt+qwen3_8b-dj_adpt,1.0,3.6612627506256104
cl_noval,distilroberta-dj_adpt+mini_l12-dj_adpt+mini_l6-dj_adpt+gte_base-dj_adpt+gtr_t5-dj_adpt+mpnet-dj_adpt+kalm_instruct_v2_5-dj_adpt+qwen3_06b-dj_adpt+qwen3_4b-dj_adpt+kalm_gemma3_12b-dj_adpt+llama_nemotron_8b-dj_adpt+qwen3_8b-dj_adpt,2.0,3.520930528640747
cl_noval,distilroberta-dj_adpt+mini_l12-dj_adpt+mini_l6-dj_adpt+gte_base-dj_adpt+gtr_t5-dj_adpt+mpnet-dj_adpt+kalm_instruct_v2_5-dj_adpt+qwen3_06b-dj_adpt+qwen3_4b-dj_adpt+kalm_gemma3_12b-dj_adpt+llama_nemotron_8b-dj_adpt+qwen3_8b-dj_adpt,3.0,3.448422908782959
cl_noval,distilroberta-dj_adpt+mini_l12-dj_adpt+mini_l6-dj_adpt+gte_base-dj_adpt+gtr_t5-dj_adpt+mpnet-dj_adpt+kalm_instruct_v2_5-dj_adpt+qwen3_06b-dj_adpt+qwen3_4b-dj_adpt+kalm_gemma3_12b-dj_adpt+llama_nemotron_8b-dj_adpt+qwen3_8b-dj_adpt,4.0,3.402111053466797
cl_noval,distilroberta-dj_adpt+mini_l12-dj_adpt+mini_l6-dj_adpt+gte_base-dj_adpt+gtr_t5-dj_adpt+mpnet-dj_adpt+kalm_instruct_v2_5-dj_adpt+qwen3_06b-dj_adpt+qwen3_4b-dj_adpt+kalm_gemma3_12b-dj_adpt+llama_nemotron_8b-dj_adpt+qwen3_8b-dj_adpt,5.0,3.368579387664795
cl_noval,distilroberta-dj_adpt+mini_l12-dj_adpt+mini_l6-dj_adpt+gte_base-dj_adpt+gtr_t5-dj_adpt+mpnet-dj_adpt+kalm_instruct_v2_5-dj_adpt+qwen3_06b-dj_adpt+qwen3_4b-dj_adpt+kalm_gemma3_12b-dj_adpt+llama_nemotron_8b-dj_adpt+qwen3_8b-dj_adpt,6.0,3.34366512298584
cl_noval,distilroberta-dj_adpt+mini_l12-dj_adpt+mini_l6-dj_adpt+gte_base-dj_adpt+gtr_t5-dj_adpt+mpnet-dj_adpt+kalm_instruct_v2_5-dj_adpt+qwen3_06b-dj_adpt+qwen3_4b-dj_adpt+kalm_gemma3_12b-dj_adpt+llama_nemotron_8b-dj_adpt+qwen3_8b-dj_adpt,7.0,3.3222546577453613
cl_noval,distilroberta-dj_adpt+mini_l12-dj_adpt+mini_l6-dj_adpt+gte_base-dj_adpt+gtr_t5-dj_adpt+mpnet-dj_adpt+kalm_instruct_v2_5-dj_adpt+qwen3_06b-dj_adpt+qwen3_4b-dj_adpt+kalm_gemma3_12b-dj_adpt+llama_nemotron_8b-dj_adpt+qwen3_8b-dj_adpt,8.0,3.306407928466797
cl_noval,distilroberta-dj_adpt+mini_l12-dj_adpt+mini_l6-dj_adpt+gte_base-dj_adpt+gtr_t5-dj_adpt+mpnet-dj_adpt+kalm_instruct_v2_5-dj_adpt+qwen3_06b-dj_adpt+qwen3_4b-dj_adpt+kalm_gemma3_12b-dj_adpt+llama_nemotron_8b-dj_adpt+qwen3_8b-dj_adpt,9.0,3.2929680347442627
cl_noval,distilroberta-dj_adpt+mini_l12-dj_adpt+mini_l6-dj_adpt+gte_base-dj_adpt+gtr_t5-dj_adpt+mpnet-dj_adpt+kalm_instruct_v2_5-dj_adpt+qwen3_06b-dj_adpt+qwen3_4b-dj_adpt+kalm_gemma3_12b-dj_adpt+llama_nemotron_8b-dj_adpt+qwen3_8b-dj_adpt,10.0,3.2811877727508545
cl_noval,distilroberta-dj_adpt+mini_l12-dj_adpt+mini_l6-dj_adpt+gte_base-dj_adpt+gtr_t5-dj_adpt+mpnet-dj_adpt+kalm_instruct_v2_5-dj_adpt+qwen3_06b-dj_adpt+qwen3_4b-dj_adpt+kalm_gemma3_12b-dj_adpt+llama_nemotron_8b-dj_adpt+qwen3_8b-dj_adpt,11.0,3.27115535736084
cl_noval,distilroberta-dj_adpt+mini_l12-dj_adpt+mini_l6-dj_adpt+gte_base-dj_adpt+gtr_t5-dj_adpt+mpnet-dj_adpt+kalm_instruct_v2_5-dj_adpt+qwen3_06b-dj_adpt+qwen3_4b-dj_adpt+kalm_gemma3_12b-dj_adpt+llama_nemotron_8b-dj_adpt+qwen3_8b-dj_adpt,12.0,3.2624738216400146
cl_noval,distilroberta-dj_adpt+mini_l12-dj_adpt+mini_l6-dj_adpt+gte_base-dj_adpt+gtr_t5-dj_adpt+mpnet-dj_adpt+kalm_instruct_v2_5-dj_adpt+qwen3_06b-dj_adpt+qwen3_4b-dj_adpt+kalm_gemma3_12b-dj_adpt+llama_nemotron_8b-dj_adpt+qwen3_8b-dj_adpt,13.0,3.2540969848632812
cl_noval,distilroberta-dj_adpt+mini_l12-dj_adpt+mini_l6-dj_adpt+gte_base-dj_adpt+gtr_t5-dj_adpt+mpnet-dj_adpt+kalm_instruct_v2_5-dj_adpt+qwen3_06b-dj_adpt+qwen3_4b-dj_adpt+kalm_gemma3_12b-dj_adpt+llama_nemotron_8b-dj_adpt+qwen3_8b-dj_adpt,14.0,3.247793436050415
cl_noval,distilroberta-dj_adpt+mini_l12-dj_adpt+mini_l6-dj_adpt+gte_base-dj_adpt+gtr_t5-dj_adpt+mpnet-dj_adpt+kalm_instruct_v2_5-dj_adpt+qwen3_06b-dj_adpt+qwen3_4b-dj_adpt+kalm_gemma3_12b-dj_adpt+llama_nemotron_8b-dj_adpt+qwen3_8b-dj_adpt,15.0,3.241548776626587
cl_noval,distilroberta-dj_adpt+mini_l12-dj_adpt+mini_l6-dj_adpt+gte_base-dj_adpt+gtr_t5-dj_adpt+mpnet-dj_adpt+kalm_instruct_v2_5-dj_adpt+qwen3_06b-dj_adpt+qwen3_4b-dj_adpt+kalm_gemma3_12b-dj_adpt+llama_nemotron_8b-dj_adpt+qwen3_8b-dj_adpt,16.0,3.235140085220337
cl_noval,distilroberta-dj_adpt+mini_l12-dj_adpt+mini_l6-dj_adpt+gte_base-dj_adpt+gtr_t5-dj_adpt+mpnet-dj_adpt+kalm_instruct_v2_5-dj_adpt+qwen3_06b-dj_adpt+qwen3_4b-dj_adpt+kalm_gemma3_12b-dj_adpt+llama_nemotron_8b-dj_adpt+qwen3_8b-dj_adpt,17.0,3.2296738624572754
cl_noval,distilroberta-dj_adpt+mini_l12-dj_adpt+mini_l6-dj_adpt+gte_base-dj_adpt+gtr_t5-dj_adpt+mpnet-dj_adpt+kalm_instruct_v2_5-dj_adpt+qwen3_06b-dj_adpt+qwen3_4b-dj_adpt+kalm_gemma3_12b-dj_adpt+llama_nemotron_8b-dj_adpt+qwen3_8b-dj_adpt,18.0,3.2245006561279297
cl_noval,distilroberta-dj_adpt+mini_l12-dj_adpt+mini_l6-dj_adpt+gte_base-dj_adpt+gtr_t5-dj_adpt+mpnet-dj_adpt+kalm_instruct_v2_5-dj_adpt+qwen3_06b-dj_adpt+qwen3_4b-dj_adpt+kalm_gemma3_12b-dj_adpt+llama_nemotron_8b-dj_adpt+qwen3_8b-dj_adpt,19.0,3.220076084136963
cl_noval,distilroberta-dj_adpt+mini_l12-dj_adpt+mini_l6-dj_adpt+gte_base-dj_adpt+gtr_t5-dj_adpt+mpnet-dj_adpt+kalm_instruct_v2_5-dj_adpt+qwen3_06b-dj_adpt+qwen3_4b-dj_adpt+kalm_gemma3_12b-dj_adpt+llama_nemotron_8b-dj_adpt+qwen3_8b-dj_adpt,20.0,3.215994358062744
cl_noval,distilroberta-dj_adpt+mini_l12-dj_adpt+mini_l6-dj_adpt+gte_base-dj_adpt+gtr_t5-dj_adpt+mpnet-dj_adpt+kalm_instruct_v2_5-dj_adpt+qwen3_06b-dj_adpt+qwen3_4b-dj_adpt+kalm_gemma3_12b-dj_adpt+llama_nemotron_8b-dj_adpt+qwen3_8b-dj_adpt,21.0,3.2118980884552
cl_noval,distilroberta-dj_adpt+mini_l12-dj_adpt+mini_l6-dj_adpt+gte_base-dj_adpt+gtr_t5-dj_adpt+mpnet-dj_adpt+kalm_instruct_v2_5-dj_adpt+qwen3_06b-dj_adpt+qwen3_4b-dj_adpt+kalm_gemma3_12b-dj_adpt+llama_nemotron_8b-dj_adpt+qwen3_8b-dj_adpt,22.0,3.2078065872192383
cl_noval,distilroberta-dj_adpt+mini_l12-dj_adpt+mini_l6-dj_adpt+gte_base-dj_adpt+gtr_t5-dj_adpt+mpnet-dj_adpt+kalm_instruct_v2_5-dj_adpt+qwen3_06b-dj_adpt+qwen3_4b-dj_adpt+kalm_gemma3_12b-dj_adpt+llama_nemotron_8b-dj_adpt+qwen3_8b-dj_adpt,23.0,3.204399347305298
cl_noval,distilroberta-dj_adpt+mini_l12-dj_adpt+mini_l6-dj_adpt+gte_base-dj_adpt+gtr_t5-dj_adpt+mpnet-dj_adpt+kalm_instruct_v2_5-dj_adpt+qwen3_06b-dj_adpt+qwen3_4b-dj_adpt+kalm_gemma3_12b-dj_adpt+llama_nemotron_8b-dj_adpt+qwen3_8b-dj_adpt,24.0,3.200784683227539
cl_noval,distilroberta-dj_adpt+mini_l12-dj_adpt+mini_l6-dj_adpt+gte_base-dj_adpt+gtr_t5-dj_adpt+mpnet-dj_adpt+kalm_instruct_v2_5-dj_adpt+qwen3_06b-dj_adpt+qwen3_4b-dj_adpt+kalm_gemma3_12b-dj_adpt+llama_nemotron_8b-dj_adpt+qwen3_8b-dj_adpt,25.0,3.197521686553955
cl_noval,distilroberta-dj_adpt+mini_l12-dj_adpt+mini_l6-dj_adpt+gte_base-dj_adpt+gtr_t5-dj_adpt+mpnet-dj_adpt+kalm_instruct_v2_5-dj_adpt+qwen3_06b-dj_adpt+qwen3_4b-dj_adpt+kalm_gemma3_12b-dj_adpt+llama_nemotron_8b-dj_adpt+qwen3_8b-dj_adpt,26.0,3.1947643756866455
cl_noval,distilroberta-dj_adpt+mini_l12-dj_adpt+mini_l6-dj_adpt+gte_base-dj_adpt+gtr_t5-dj_adpt+mpnet-dj_adpt+kalm_instruct_v2_5-dj_adpt+qwen3_06b-dj_adpt+qwen3_4b-dj_adpt+kalm_gemma3_12b-dj_adpt+llama_nemotron_8b-dj_adpt+qwen3_8b-dj_adpt,27.0,3.1915695667266846
cl_noval,distilroberta-dj_adpt+mini_l12-dj_adpt+mini_l6-dj_adpt+gte_base-dj_adpt+gtr_t5-dj_adpt+mpnet-dj_adpt+kalm_instruct_v2_5-dj_adpt+qwen3_06b-dj_adpt+qwen3_4b-dj_adpt+kalm_gemma3_12b-dj_adpt+llama_nemotron_8b-dj_adpt+qwen3_8b-dj_adpt,28.0,3.1883552074432373
cl_noval,distilroberta-dj_adpt+mini_l12-dj_adpt+mini_l6-dj_adpt+gte_base-dj_adpt+gtr_t5-dj_adpt+mpnet-dj_adpt+kalm_instruct_v2_5-dj_adpt+qwen3_06b-dj_adpt+qwen3_4b-dj_adpt+kalm_gemma3_12b-dj_adpt+llama_nemotron_8b-dj_adpt+qwen3_8b-dj_adpt,29.0,3.1865432262420654
cl_noval,distilroberta-dj_adpt+mini_l12-dj_adpt+mini_l6-dj_adpt+gte_base-dj_adpt+gtr_t5-dj_adpt+mpnet-dj_adpt+kalm_instruct_v2_5-dj_adpt+qwen3_06b-dj_adpt+qwen3_4b-dj_adpt+kalm_gemma3_12b-dj_adpt+llama_nemotron_8b-dj_adpt+qwen3_8b-dj_adpt,30.0,3.1832737922668457
cl_noval,distilroberta-dj_adpt+mini_l12-dj_adpt+mini_l6-dj_adpt+gte_base-dj_adpt+gtr_t5-dj_adpt+mpnet-dj_adpt+kalm_instruct_v2_5-dj_adpt+qwen3_06b-dj_adpt+qwen3_4b-dj_adpt+kalm_gemma3_12b-dj_adpt+llama_nemotron_8b-dj_adpt+qwen3_8b-dj_adpt,31.0,3.181215286254883
cl_noval,distilroberta-dj_adpt+mini_l12-dj_adpt+mini_l6-dj_adpt+gte_base-dj_adpt+gtr_t5-dj_adpt+mpnet-dj_adpt+kalm_instruct_v2_5-dj_adpt+qwen3_06b-dj_adpt+qwen3_4b-dj_adpt+kalm_gemma3_12b-dj_adpt+llama_nemotron_8b-dj_adpt+qwen3_8b-dj_adpt,32.0,3.1785624027252197
cl_noval,distilroberta-dj_adpt+mini_l12-dj_adpt+mini_l6-dj_adpt+gte_base-dj_adpt+gtr_t5-dj_adpt+mpnet-dj_adpt+kalm_instruct_v2_5-dj_adpt+qwen3_06b-dj_adpt+qwen3_4b-dj_adpt+kalm_gemma3_12b-dj_adpt+llama_nemotron_8b-dj_adpt+qwen3_8b-dj_adpt,33.0,3.1755545139312744
cl_noval,distilroberta-dj_adpt+mini_l12-dj_adpt+mini_l6-dj_adpt+gte_base-dj_adpt+gtr_t5-dj_adpt+mpnet-dj_adpt+kalm_instruct_v2_5-dj_adpt+qwen3_06b-dj_adpt+qwen3_4b-dj_adpt+kalm_gemma3_12b-dj_adpt+llama_nemotron_8b-dj_adpt+qwen3_8b-dj_adpt,34.0,3.1734611988067627
cl_noval,distilroberta-dj_adpt+mini_l12-dj_adpt+mini_l6-dj_adpt+gte_base-dj_adpt+gtr_t5-dj_adpt+mpnet-dj_adpt+kalm_instruct_v2_5-dj_adpt+qwen3_06b-dj_adpt+qwen3_4b-dj_adpt+kalm_gemma3_12b-dj_adpt+llama_nemotron_8b-dj_adpt+qwen3_8b-dj_adpt,35.0,3.172219753265381
cl_noval,distilroberta-dj_adpt+mini_l12-dj_adpt+mini_l6-dj_adpt+gte_base-dj_adpt+gtr_t5-dj_adpt+mpnet-dj_adpt+kalm_instruct_v2_5-dj_adpt+qwen3_06b-dj_adpt+qwen3_4b-dj_adpt+kalm_gemma3_12b-dj_adpt+llama_nemotron_8b-dj_adpt+qwen3_8b-dj_adpt,36.0,3.1699867248535156
cl_noval,distilroberta-dj_adpt+mini_l12-dj_adpt+mini_l6-dj_adpt+gte_base-dj_adpt+gtr_t5-dj_adpt+mpnet-dj_adpt+kalm_instruct_v2_5-dj_adpt+qwen3_06b-dj_adpt+qwen3_4b-dj_adpt+kalm_gemma3_12b-dj_adpt+llama_nemotron_8b-dj_adpt+qwen3_8b-dj_adpt,37.0,3.168264627456665
cl_noval,distilroberta-dj_adpt+mini_l12-dj_adpt+mini_l6-dj_adpt+gte_base-dj_adpt+gtr_t5-dj_adpt+mpnet-dj_adpt+kalm_instruct_v2_5-dj_adpt+qwen3_06b-dj_adpt+qwen3_4b-dj_adpt+kalm_gemma3_12b-dj_adpt+llama_nemotron_8b-dj_adpt+qwen3_8b-dj_adpt,38.0,3.166613817214966
cl_noval,distilroberta-dj_adpt+mini_l12-dj_adpt+mini_l6-dj_adpt+gte_base-dj_adpt+gtr_t5-dj_adpt+mpnet-dj_adpt+kalm_instruct_v2_5-dj_adpt+qwen3_06b-dj_adpt+qwen3_4b-dj_adpt+kalm_gemma3_12b-dj_adpt+llama_nemotron_8b-dj_adpt+qwen3_8b-dj_adpt,39.0,3.1637766361236572
cl_noval,distilroberta-dj_adpt+mini_l12-dj_adpt+mini_l6-dj_adpt+gte_base-dj_adpt+gtr_t5-dj_adpt+mpnet-dj_adpt+kalm_instruct_v2_5-dj_adpt+qwen3_06b-dj_adpt+qwen3_4b-dj_adpt+kalm_gemma3_12b-dj_adpt+llama_nemotron_8b-dj_adpt+qwen3_8b-dj_adpt,40.0,3.1614418029785156
cl_noval,distilroberta-dj_adpt+mini_l12-dj_adpt+mini_l6-dj_adpt+gte_base-dj_adpt+gtr_t5-dj_adpt+mpnet-dj_adpt+kalm_instruct_v2_5-dj_adpt+qwen3_06b-dj_adpt+qwen3_4b-dj_adpt+kalm_gemma3_12b-dj_adpt+llama_nemotron_8b-dj_adpt+qwen3_8b-dj_adpt,41.0,3.1599435806274414
cl_noval,distilroberta-dj_adpt+mini_l12-dj_adpt+mini_l6-dj_adpt+gte_base-dj_adpt+gtr_t5-dj_adpt+mpnet-dj_adpt+kalm_instruct_v2_5-dj_adpt+qwen3_06b-dj_adpt+qwen3_4b-dj_adpt+kalm_gemma3_12b-dj_adpt+llama_nemotron_8b-dj_adpt+qwen3_8b-dj_adpt,42.0,3.1583566665649414
cl_noval,distilroberta-dj_adpt+mini_l12-dj_adpt+mini_l6-dj_adpt+gte_base-dj_adpt+gtr_t5-dj_adpt+mpnet-dj_adpt+kalm_instruct_v2_5-dj_adpt+qwen3_06b-dj_adpt+qwen3_4b-dj_adpt+kalm_gemma3_12b-dj_adpt+llama_nemotron_8b-dj_adpt+qwen3_8b-dj_adpt,43.0,3.156200885772705
cl_noval,distilroberta-dj_adpt+mini_l12-dj_adpt+mini_l6-dj_adpt+gte_base-dj_adpt+gtr_t5-dj_adpt+mpnet-dj_adpt+kalm_instruct_v2_5-dj_adpt+qwen3_06b-dj_adpt+qwen3_4b-dj_adpt+kalm_gemma3_12b-dj_adpt+llama_nemotron_8b-dj_adpt+qwen3_8b-dj_adpt,44.0,3.1547160148620605
cl_noval,distilroberta-dj_adpt+mini_l12-dj_adpt+mini_l6-dj_adpt+gte_base-dj_adpt+gtr_t5-dj_adpt+mpnet-dj_adpt+kalm_instruct_v2_5-dj_adpt+qwen3_06b-dj_adpt+qwen3_4b-dj_adpt+kalm_gemma3_12b-dj_adpt+llama_nemotron_8b-dj_adpt+qwen3_8b-dj_adpt,45.0,3.1529595851898193
cl_noval,distilroberta-dj_adpt+mini_l12-dj_adpt+mini_l6-dj_adpt+gte_base-dj_adpt+gtr_t5-dj_adpt+mpnet-dj_adpt+kalm_instruct_v2_5-dj_adpt+qwen3_06b-dj_adpt+qwen3_4b-dj_adpt+kalm_gemma3_12b-dj_adpt+llama_nemotron_8b-dj_adpt+qwen3_8b-dj_adpt,46.0,3.151287078857422
cl_noval,distilroberta-dj_adpt+mini_l12-dj_adpt+mini_l6-dj_adpt+gte_base-dj_adpt+gtr_t5-dj_adpt+mpnet-dj_adpt+kalm_instruct_v2_5-dj_adpt+qwen3_06b-dj_adpt+qwen3_4b-dj_adpt+kalm_gemma3_12b-dj_adpt+llama_nemotron_8b-dj_adpt+qwen3_8b-dj_adpt,47.0,3.149904489517212
cl_noval,distilroberta-dj_adpt+mini_l12-dj_adpt+mini_l6-dj_adpt+gte_base-dj_adpt+gtr_t5-dj_adpt+mpnet-dj_adpt+kalm_instruct_v2_5-dj_adpt+qwen3_06b-dj_adpt+qwen3_4b-dj_adpt+kalm_gemma3_12b-dj_adpt+llama_nemotron_8b-dj_adpt+qwen3_8b-dj_adpt,48.0,3.1483170986175537
cl_noval,distilroberta-dj_adpt+mini_l12-dj_adpt+mini_l6-dj_adpt+gte_base-dj_adpt+gtr_t5-dj_adpt+mpnet-dj_adpt+kalm_instruct_v2_5-dj_adpt+qwen3_06b-dj_adpt+qwen3_4b-dj_adpt+kalm_gemma3_12b-dj_adpt+llama_nemotron_8b-dj_adpt+qwen3_8b-dj_adpt,49.0,3.1463725566864014
cl_noval,distilroberta-dj_adpt+mini_l12-dj_adpt+mini_l6-dj_adpt+gte_base-dj_adpt+gtr_t5-dj_adpt+mpnet-dj_adpt+kalm_instruct_v2_5-dj_adpt+qwen3_06b-dj_adpt+qwen3_4b-dj_adpt+kalm_gemma3_12b-dj_adpt+llama_nemotron_8b-dj_adpt+qwen3_8b-dj_adpt,50.0,3.144770383834839
cl_noval,distilroberta-dj_adpt+mini_l12-dj_adpt+mini_l6-dj_adpt+gte_base-dj_adpt+gtr_t5-dj_adpt+mpnet-dj_adpt+kalm_instruct_v2_5-dj_adpt+qwen3_06b-dj_adpt+qwen3_4b-dj_adpt+kalm_gemma3_12b-dj_adpt+llama_nemotron_8b-dj_adpt+qwen3_8b-dj_adpt,51.0,3.1436517238616943
cl_noval,distilroberta-dj_adpt+mini_l12-dj_adpt+mini_l6-dj_adpt+gte_base-dj_adpt+gtr_t5-dj_adpt+mpnet-dj_adpt+kalm_instruct_v2_5-dj_adpt+qwen3_06b-dj_adpt+qwen3_4b-dj_adpt+kalm_gemma3_12b-dj_adpt+llama_nemotron_8b-dj_adpt+qwen3_8b-dj_adpt,52.0,3.142383337020874
cl_noval,distilroberta-dj_adpt+mini_l12-dj_adpt+mini_l6-dj_adpt+gte_base-dj_adpt+gtr_t5-dj_adpt+mpnet-dj_adpt+kalm_instruct_v2_5-dj_adpt+qwen3_06b-dj_adpt+qwen3_4b-dj_adpt+kalm_gemma3_12b-dj_adpt+llama_nemotron_8b-dj_adpt+qwen3_8b-dj_adpt,53.0,3.142340898513794
cl_noval,distilroberta-dj_adpt+mini_l12-dj_adpt+mini_l6-dj_adpt+gte_base-dj_adpt+gtr_t5-dj_adpt+mpnet-dj_adpt+kalm_instruct_v2_5-dj_adpt+qwen3_06b-dj_adpt+qwen3_4b-dj_adpt+kalm_gemma3_12b-dj_adpt+llama_nemotron_8b-dj_adpt+qwen3_8b-dj_adpt,54.0,3.1395604610443115
cl_noval,distilroberta-dj_adpt+mini_l12-dj_adpt+mini_l6-dj_adpt+gte_base-dj_adpt+gtr_t5-dj_adpt+mpnet-dj_adpt+kalm_instruct_v2_5-dj_adpt+qwen3_06b-dj_adpt+qwen3_4b-dj_adpt+kalm_gemma3_12b-dj_adpt+llama_nemotron_8b-dj_adpt+qwen3_8b-dj_adpt,55.0,3.137408971786499
cl_noval,distilroberta-dj_adpt+mini_l12-dj_adpt+mini_l6-dj_adpt+gte_base-dj_adpt+gtr_t5-dj_adpt+mpnet-dj_adpt+kalm_instruct_v2_5-dj_adpt+qwen3_06b-dj_adpt+qwen3_4b-dj_adpt+kalm_gemma3_12b-dj_adpt+llama_nemotron_8b-dj_adpt+qwen3_8b-dj_adpt,56.0,3.1369192600250244
cl_noval,distilroberta-dj_adpt+mini_l12-dj_adpt+mini_l6-dj_adpt+gte_base-dj_adpt+gtr_t5-dj_adpt+mpnet-dj_adpt+kalm_instruct_v2_5-dj_adpt+qwen3_06b-dj_adpt+qwen3_4b-dj_adpt+kalm_gemma3_12b-dj_adpt+llama_nemotron_8b-dj_adpt+qwen3_8b-dj_adpt,57.0,3.1347577571868896
cl_noval,distilroberta-dj_adpt+mini_l12-dj_adpt+mini_l6-dj_adpt+gte_base-dj_adpt+gtr_t5-dj_adpt+mpnet-dj_adpt+kalm_instruct_v2_5-dj_adpt+qwen3_06b-dj_adpt+qwen3_4b-dj_adpt+kalm_gemma3_12b-dj_adpt+llama_nemotron_8b-dj_adpt+qwen3_8b-dj_adpt,58.0,3.133989095687866
cl_noval,distilroberta-dj_adpt+mini_l12-dj_adpt+mini_l6-dj_adpt+gte_base-dj_adpt+gtr_t5-dj_adpt+mpnet-dj_adpt+kalm_instruct_v2_5-dj_adpt+qwen3_06b-dj_adpt+qwen3_4b-dj_adpt+kalm_gemma3_12b-dj_adpt+llama_nemotron_8b-dj_adpt+qwen3_8b-dj_adpt,59.0,3.132749080657959
cl_noval,distilroberta-dj_adpt+mini_l12-dj_adpt+mini_l6-dj_adpt+gte_base-dj_adpt+gtr_t5-dj_adpt+mpnet-dj_adpt+kalm_instruct_v2_5-dj_adpt+qwen3_06b-dj_adpt+qwen3_4b-dj_adpt+kalm_gemma3_12b-dj_adpt+llama_nemotron_8b-dj_adpt+qwen3_8b-dj_adpt,60.0,3.131659746170044
cl_noval,distilroberta-dj_adpt+mini_l12-dj_adpt+mini_l6-dj_adpt+gte_base-dj_adpt+gtr_t5-dj_adpt+mpnet-dj_adpt+kalm_instruct_v2_5-dj_adpt+qwen3_06b-dj_adpt+qwen3_4b-dj_adpt+kalm_gemma3_12b-dj_adpt+llama_nemotron_8b-dj_adpt+qwen3_8b-dj_adpt,61.0,3.129990577697754
cl_noval,distilroberta-dj_adpt+mini_l12-dj_adpt+mini_l6-dj_adpt+gte_base-dj_adpt+gtr_t5-dj_adpt+mpnet-dj_adpt+kalm_instruct_v2_5-dj_adpt+qwen3_06b-dj_adpt+qwen3_4b-dj_adpt+kalm_gemma3_12b-dj_adpt+llama_nemotron_8b-dj_adpt+qwen3_8b-dj_adpt,62.0,3.129460096359253
cl_noval,distilroberta-dj_adpt+mini_l12-dj_adpt+mini_l6-dj_adpt+gte_base-dj_adpt+gtr_t5-dj_adpt+mpnet-dj_adpt+kalm_instruct_v2_5-dj_adpt+qwen3_06b-dj_adpt+qwen3_4b-dj_adpt+kalm_gemma3_12b-dj_adpt+llama_nemotron_8b-dj_adpt+qwen3_8b-dj_adpt,63.0,3.127802610397339
cl_noval,distilroberta-dj_adpt+mini_l12-dj_adpt+mini_l6-dj_adpt+gte_base-dj_adpt+gtr_t5-dj_adpt+mpnet-dj_adpt+kalm_instruct_v2_5-dj_adpt+qwen3_06b-dj_adpt+qwen3_4b-dj_adpt+kalm_gemma3_12b-dj_adpt+llama_nemotron_8b-dj_adpt+qwen3_8b-dj_adpt,64.0,3.1272497177124023
cl_noval,distilroberta-dj_adpt+mini_l12-dj_adpt+mini_l6-dj_adpt+gte_base-dj_adpt+gtr_t5-dj_adpt+mpnet-dj_adpt+kalm_instruct_v2_5-dj_adpt+qwen3_06b-dj_adpt+qwen3_4b-dj_adpt+kalm_gemma3_12b-dj_adpt+llama_nemotron_8b-dj_adpt+qwen3_8b-dj_adpt,65.0,3.126263380050659
cl_noval,distilroberta-dj_adpt+mini_l12-dj_adpt+mini_l6-dj_adpt+gte_base-dj_adpt+gtr_t5-dj_adpt+mpnet-dj_adpt+kalm_instruct_v2_5-dj_adpt+qwen3_06b-dj_adpt+qwen3_4b-dj_adpt+kalm_gemma3_12b-dj_adpt+llama_nemotron_8b-dj_adpt+qwen3_8b-dj_adpt,66.0,3.1250927448272705
cl_noval,distilroberta-dj_adpt+mini_l12-dj_adpt+mini_l6-dj_adpt+gte_base-dj_adpt+gtr_t5-dj_adpt+mpnet-dj_adpt+kalm_instruct_v2_5-dj_adpt+qwen3_06b-dj_adpt+qwen3_4b-dj_adpt+kalm_gemma3_12b-dj_adpt+llama_nemotron_8b-dj_adpt+qwen3_8b-dj_adpt,67.0,3.1248035430908203
cl_noval,distilroberta-dj_adpt+mini_l12-dj_adpt+mini_l6-dj_adpt+gte_base-dj_adpt+gtr_t5-dj_adpt+mpnet-dj_adpt+kalm_instruct_v2_5-dj_adpt+qwen3_06b-dj_adpt+qwen3_4b-dj_adpt+kalm_gemma3_12b-dj_adpt+llama_nemotron_8b-dj_adpt+qwen3_8b-dj_adpt,68.0,3.1225481033325195
cl_noval,distilroberta-dj_adpt+mini_l12-dj_adpt+mini_l6-dj_adpt+gte_base-dj_adpt+gtr_t5-dj_adpt+mpnet-dj_adpt+kalm_instruct_v2_5-dj_adpt+qwen3_06b-dj_adpt+qwen3_4b-dj_adpt+kalm_gemma3_12b-dj_adpt+llama_nemotron_8b-dj_adpt+qwen3_8b-dj_adpt,69.0,3.1213881969451904
cl_noval,distilroberta-dj_adpt+mini_l12-dj_adpt+mini_l6-dj_adpt+gte_base-dj_adpt+gtr_t5-dj_adpt+mpnet-dj_adpt+kalm_instruct_v2_5-dj_adpt+qwen3_06b-dj_adpt+qwen3_4b-dj_adpt+kalm_gemma3_12b-dj_adpt+llama_nemotron_8b-dj_adpt+qwen3_8b-dj_adpt,70.0,3.120969533920288
cl_noval,distilroberta-dj_adpt+mini_l12-dj_adpt+mini_l6-dj_adpt+gte_base-dj_adpt+gtr_t5-dj_adpt+mpnet-dj_adpt+kalm_instruct_v2_5-dj_adpt+qwen3_06b-dj_adpt+qwen3_4b-dj_adpt+kalm_gemma3_12b-dj_adpt+llama_nemotron_8b-dj_adpt+qwen3_8b-dj_adpt,71.0,3.1196272373199463
cl_noval,distilroberta-dj_adpt+mini_l12-dj_adpt+mini_l6-dj_adpt+gte_base-dj_adpt+gtr_t5-dj_adpt+mpnet-dj_adpt+kalm_instruct_v2_5-dj_adpt+qwen3_06b-dj_adpt+qwen3_4b-dj_adpt+kalm_gemma3_12b-dj_adpt+llama_nemotron_8b-dj_adpt+qwen3_8b-dj_adpt,72.0,3.118715524673462
cl_noval,distilroberta-dj_adpt+mini_l12-dj_adpt+mini_l6-dj_adpt+gte_base-dj_adpt+gtr_t5-dj_adpt+mpnet-dj_adpt+kalm_instruct_v2_5-dj_adpt+qwen3_06b-dj_adpt+qwen3_4b-dj_adpt+kalm_gemma3_12b-dj_adpt+llama_nemotron_8b-dj_adpt+qwen3_8b-dj_adpt,73.0,3.1177334785461426
cl_noval,distilroberta-dj_adpt+mini_l12-dj_adpt+mini_l6-dj_adpt+gte_base-dj_adpt+gtr_t5-dj_adpt+mpnet-dj_adpt+kalm_instruct_v2_5-dj_adpt+qwen3_06b-dj_adpt+qwen3_4b-dj_adpt+kalm_gemma3_12b-dj_adpt+llama_nemotron_8b-dj_adpt+qwen3_8b-dj_adpt,74.0,3.1169912815093994
cl_noval,distilroberta-dj_adpt+mini_l12-dj_adpt+mini_l6-dj_adpt+gte_base-dj_adpt+gtr_t5-dj_adpt+mpnet-dj_adpt+kalm_instruct_v2_5-dj_adpt+qwen3_06b-dj_adpt+qwen3_4b-dj_adpt+kalm_gemma3_12b-dj_adpt+llama_nemotron_8b-dj_adpt+qwen3_8b-dj_adpt,75.0,3.1163887977600098
cl_noval,distilroberta-dj_adpt+mini_l12-dj_adpt+mini_l6-dj_adpt+gte_base-dj_adpt+gtr_t5-dj_adpt+mpnet-dj_adpt+kalm_instruct_v2_5-dj_adpt+qwen3_06b-dj_adpt+qwen3_4b-dj_adpt+kalm_gemma3_12b-dj_adpt+llama_nemotron_8b-dj_adpt+qwen3_8b-dj_adpt,76.0,3.1143174171447754
cl_noval,distilroberta-dj_adpt+mini_l12-dj_adpt+mini_l6-dj_adpt+gte_base-dj_adpt+gtr_t5-dj_adpt+mpnet-dj_adpt+kalm_instruct_v2_5-dj_adpt+qwen3_06b-dj_adpt+qwen3_4b-dj_adpt+kalm_gemma3_12b-dj_adpt+llama_nemotron_8b-dj_adpt+qwen3_8b-dj_adpt,77.0,3.113750696182251
cl_noval,distilroberta-dj_adpt+mini_l12-dj_adpt+mini_l6-dj_adpt+gte_base-dj_adpt+gtr_t5-dj_adpt+mpnet-dj_adpt+kalm_instruct_v2_5-dj_adpt+qwen3_06b-dj_adpt+qwen3_4b-dj_adpt+kalm_gemma3_12b-dj_adpt+llama_nemotron_8b-dj_adpt+qwen3_8b-dj_adpt,78.0,3.1135876178741455
cl_noval,distilroberta-dj_adpt+mini_l12-dj_adpt+mini_l6-dj_adpt+gte_base-dj_adpt+gtr_t5-dj_adpt+mpnet-dj_adpt+kalm_instruct_v2_5-dj_adpt+qwen3_06b-dj_adpt+qwen3_4b-dj_adpt+kalm_gemma3_12b-dj_adpt+llama_nemotron_8b-dj_adpt+qwen3_8b-dj_adpt,79.0,3.1122965812683105
cl_noval,distilroberta-dj_adpt+mini_l12-dj_adpt+mini_l6-dj_adpt+gte_base-dj_adpt+gtr_t5-dj_adpt+mpnet-dj_adpt+kalm_instruct_v2_5-dj_adpt+qwen3_06b-dj_adpt+qwen3_4b-dj_adpt+kalm_gemma3_12b-dj_adpt+llama_nemotron_8b-dj_adpt+qwen3_8b-dj_adpt,80.0,3.11116886138916
cl_noval,distilroberta-dj_adpt+mini_l12-dj_adpt+mini_l6-dj_adpt+gte_base-dj_adpt+gtr_t5-dj_adpt+mpnet-dj_adpt+kalm_instruct_v2_5-dj_adpt+qwen3_06b-dj_adpt+qwen3_4b-dj_adpt+kalm_gemma3_12b-dj_adpt+llama_nemotron_8b-dj_adpt+qwen3_8b-dj_adpt,81.0,3.110708713531494
cl_noval,distilroberta-dj_adpt+mini_l12-dj_adpt+mini_l6-dj_adpt+gte_base-dj_adpt+gtr_t5-dj_adpt+mpnet-dj_adpt+kalm_instruct_v2_5-dj_adpt+qwen3_06b-dj_adpt+qwen3_4b-dj_adpt+kalm_gemma3_12b-dj_adpt+llama_nemotron_8b-dj_adpt+qwen3_8b-dj_adpt,82.0,3.1096596717834473
cl_noval,distilroberta-dj_adpt+mini_l12-dj_adpt+mini_l6-dj_adpt+gte_base-dj_adpt+gtr_t5-dj_adpt+mpnet-dj_adpt+kalm_instruct_v2_5-dj_adpt+qwen3_06b-dj_adpt+qwen3_4b-dj_adpt+kalm_gemma3_12b-dj_adpt+llama_nemotron_8b-dj_adpt+qwen3_8b-dj_adpt,83.0,3.1083741188049316
cl_noval,distilroberta-dj_adpt+mini_l12-dj_adpt+mini_l6-dj_adpt+gte_base-dj_adpt+gtr_t5-dj_adpt+mpnet-dj_adpt+kalm_instruct_v2_5-dj_adpt+qwen3_06b-dj_adpt+qwen3_4b-dj_adpt+kalm_gemma3_12b-dj_adpt+llama_nemotron_8b-dj_adpt+qwen3_8b-dj_adpt,84.0,3.107597589492798
cl_noval,distilroberta-dj_adpt+mini_l12-dj_adpt+mini_l6-dj_adpt+gte_base-dj_adpt+gtr_t5-dj_adpt+mpnet-dj_adpt+kalm_instruct_v2_5-dj_adpt+qwen3_06b-dj_adpt+qwen3_4b-dj_adpt+kalm_gemma3_12b-dj_adpt+llama_nemotron_8b-dj_adpt+qwen3_8b-dj_adpt,85.0,3.1070315837860107
cl_noval,distilroberta-dj_adpt+mini_l12-dj_adpt+mini_l6-dj_adpt+gte_base-dj_adpt+gtr_t5-dj_adpt+mpnet-dj_adpt+kalm_instruct_v2_5-dj_adpt+qwen3_06b-dj_adpt+qwen3_4b-dj_adpt+kalm_gemma3_12b-dj_adpt+llama_nemotron_8b-dj_adpt+qwen3_8b-dj_adpt,86.0,3.1055352687835693
cl_noval,distilroberta-dj_adpt+mini_l12-dj_adpt+mini_l6-dj_adpt+gte_base-dj_adpt+gtr_t5-dj_adpt+mpnet-dj_adpt+kalm_instruct_v2_5-dj_adpt+qwen3_06b-dj_adpt+qwen3_4b-dj_adpt+kalm_gemma3_12b-dj_adpt+llama_nemotron_8b-dj_adpt+qwen3_8b-dj_adpt,87.0,3.1053364276885986
cl_noval,distilroberta-dj_adpt+mini_l12-dj_adpt+mini_l6-dj_adpt+gte_base-dj_adpt+gtr_t5-dj_adpt+mpnet-dj_adpt+kalm_instruct_v2_5-dj_adpt+qwen3_06b-dj_adpt+qwen3_4b-dj_adpt+kalm_gemma3_12b-dj_adpt+llama_nemotron_8b-dj_adpt+qwen3_8b-dj_adpt,88.0,3.1049582958221436
cl_noval,distilroberta-dj_adpt+mini_l12-dj_adpt+mini_l6-dj_adpt+gte_base-dj_adpt+gtr_t5-dj_adpt+mpnet-dj_adpt+kalm_instruct_v2_5-dj_adpt+qwen3_06b-dj_adpt+qwen3_4b-dj_adpt+kalm_gemma3_12b-dj_adpt+llama_nemotron_8b-dj_adpt+qwen3_8b-dj_adpt,89.0,3.102959632873535
cl_noval,distilroberta-dj_adpt+mini_l12-dj_adpt+mini_l6-dj_adpt+gte_base-dj_adpt+gtr_t5-dj_adpt+mpnet-dj_adpt+kalm_instruct_v2_5-dj_adpt+qwen3_06b-dj_adpt+qwen3_4b-dj_adpt+kalm_gemma3_12b-dj_adpt+llama_nemotron_8b-dj_adpt+qwen3_8b-dj_adpt,90.0,3.102832794189453
cl_noval,distilroberta-dj_adpt+mini_l12-dj_adpt+mini_l6-dj_adpt+gte_base-dj_adpt+gtr_t5-dj_adpt+mpnet-dj_adpt+kalm_instruct_v2_5-dj_adpt+qwen3_06b-dj_adpt+qwen3_4b-dj_adpt+kalm_gemma3_12b-dj_adpt+llama_nemotron_8b-dj_adpt+qwen3_8b-dj_adpt,91.0,3.102520227432251
cl_noval,distilroberta-dj_adpt+mini_l12-dj_adpt+mini_l6-dj_adpt+gte_base-dj_adpt+gtr_t5-dj_adpt+mpnet-dj_adpt+kalm_instruct_v2_5-dj_adpt+qwen3_06b-dj_adpt+qwen3_4b-dj_adpt+kalm_gemma3_12b-dj_adpt+llama_nemotron_8b-dj_adpt+qwen3_8b-dj_adpt,92.0,3.1013572216033936
cl_noval,distilroberta-dj_adpt+mini_l12-dj_adpt+mini_l6-dj_adpt+gte_base-dj_adpt+gtr_t5-dj_adpt+mpnet-dj_adpt+kalm_instruct_v2_5-dj_adpt+qwen3_06b-dj_adpt+qwen3_4b-dj_adpt+kalm_gemma3_12b-dj_adpt+llama_nemotron_8b-dj_adpt+qwen3_8b-dj_adpt,93.0,3.100581407546997
cl_noval,distilroberta-dj_adpt+mini_l12-dj_adpt+mini_l6-dj_adpt+gte_base-dj_adpt+gtr_t5-dj_adpt+mpnet-dj_adpt+kalm_instruct_v2_5-dj_adpt+qwen3_06b-dj_adpt+qwen3_4b-dj_adpt+kalm_gemma3_12b-dj_adpt+llama_nemotron_8b-dj_adpt+qwen3_8b-dj_adpt,94.0,3.100023031234741
cl_noval,distilroberta-dj_adpt+mini_l12-dj_adpt+mini_l6-dj_adpt+gte_base-dj_adpt+gtr_t5-dj_adpt+mpnet-dj_adpt+kalm_instruct_v2_5-dj_adpt+qwen3_06b-dj_adpt+qwen3_4b-dj_adpt+kalm_gemma3_12b-dj_adpt+llama_nemotron_8b-dj_adpt+qwen3_8b-dj_adpt,95.0,3.0988667011260986
cl_noval,distilroberta-dj_adpt+mini_l12-dj_adpt+mini_l6-dj_adpt+gte_base-dj_adpt+gtr_t5-dj_adpt+mpnet-dj_adpt+kalm_instruct_v2_5-dj_adpt+qwen3_06b-dj_adpt+qwen3_4b-dj_adpt+kalm_gemma3_12b-dj_adpt+llama_nemotron_8b-dj_adpt+qwen3_8b-dj_adpt,96.0,3.0984222888946533
cl_noval,distilroberta-dj_adpt+mini_l12-dj_adpt+mini_l6-dj_adpt+gte_base-dj_adpt+gtr_t5-dj_adpt+mpnet-dj_adpt+kalm_instruct_v2_5-dj_adpt+qwen3_06b-dj_adpt+qwen3_4b-dj_adpt+kalm_gemma3_12b-dj_adpt+llama_nemotron_8b-dj_adpt+qwen3_8b-dj_adpt,97.0,3.097667932510376
cl_noval,distilroberta-dj_adpt+mini_l12-dj_adpt+mini_l6-dj_adpt+gte_base-dj_adpt+gtr_t5-dj_adpt+mpnet-dj_adpt+kalm_instruct_v2_5-dj_adpt+qwen3_06b-dj_adpt+qwen3_4b-dj_adpt+kalm_gemma3_12b-dj_adpt+llama_nemotron_8b-dj_adpt+qwen3_8b-dj_adpt,98.0,3.097024917602539
cl_noval,distilroberta-dj_adpt+mini_l12-dj_adpt+mini_l6-dj_adpt+gte_base-dj_adpt+gtr_t5-dj_adpt+mpnet-dj_adpt+kalm_instruct_v2_5-dj_adpt+qwen3_06b-dj_adpt+qwen3_4b-dj_adpt+kalm_gemma3_12b-dj_adpt+llama_nemotron_8b-dj_adpt+qwen3_8b-dj_adpt,99.0,3.0963993072509766
cl_noval,distilroberta-dj_adpt+mini_l12-dj_adpt+mini_l6-dj_adpt+gte_base-dj_adpt+gtr_t5-dj_adpt+mpnet-dj_adpt+kalm_instruct_v2_5-dj_adpt+qwen3_06b-dj_adpt+qwen3_4b-dj_adpt+kalm_gemma3_12b-dj_adpt+llama_nemotron_8b-dj_adpt+qwen3_8b-dj_adpt,100.0,3.096499443054199
cl_noval,distilroberta-dj_adpt+mini_l12-dj_adpt+mini_l6-dj_adpt+gte_base-dj_adpt+gtr_t5-dj_adpt+mpnet-dj_adpt+kalm_instruct_v2_5-dj_adpt+qwen3_06b-dj_adpt+qwen3_4b-dj_adpt+kalm_gemma3_12b-dj_adpt+llama_nemotron_8b-dj_adpt+qwen3_8b-dj_adpt,101.0,3.095656156539917
cl_noval,distilroberta-dj_adpt+mini_l12-dj_adpt+mini_l6-dj_adpt+gte_base-dj_adpt+gtr_t5-dj_adpt+mpnet-dj_adpt+kalm_instruct_v2_5-dj_adpt+qwen3_06b-dj_adpt+qwen3_4b-dj_adpt+kalm_gemma3_12b-dj_adpt+llama_nemotron_8b-dj_adpt+qwen3_8b-dj_adpt,102.0,3.0944769382476807
cl_noval,distilroberta-dj_adpt+mini_l12-dj_adpt+mini_l6-dj_adpt+gte_base-dj_adpt+gtr_t5-dj_adpt+mpnet-dj_adpt+kalm_instruct_v2_5-dj_adpt+qwen3_06b-dj_adpt+qwen3_4b-dj_adpt+kalm_gemma3_12b-dj_adpt+llama_nemotron_8b-dj_adpt+qwen3_8b-dj_adpt,103.0,3.0936834812164307
cl_noval,distilroberta-dj_adpt+mini_l12-dj_adpt+mini_l6-dj_adpt+gte_base-dj_adpt+gtr_t5-dj_adpt+mpnet-dj_adpt+kalm_instruct_v2_5-dj_adpt+qwen3_06b-dj_adpt+qwen3_4b-dj_adpt+kalm_gemma3_12b-dj_adpt+llama_nemotron_8b-dj_adpt+qwen3_8b-dj_adpt,104.0,3.093073844909668
cl_noval,distilroberta-dj_adpt+mini_l12-dj_adpt+mini_l6-dj_adpt+gte_base-dj_adpt+gtr_t5-dj_adpt+mpnet-dj_adpt+kalm_instruct_v2_5-dj_adpt+qwen3_06b-dj_adpt+qwen3_4b-dj_adpt+kalm_gemma3_12b-dj_adpt+llama_nemotron_8b-dj_adpt+qwen3_8b-dj_adpt,105.0,3.092833995819092
cl_noval,distilroberta-dj_adpt+mini_l12-dj_adpt+mini_l6-dj_adpt+gte_base-dj_adpt+gtr_t5-dj_adpt+mpnet-dj_adpt+kalm_instruct_v2_5-dj_adpt+qwen3_06b-dj_adpt+qwen3_4b-dj_adpt+kalm_gemma3_12b-dj_adpt+llama_nemotron_8b-dj_adpt+qwen3_8b-dj_adpt,106.0,3.0921008586883545
cl_noval,distilroberta-dj_adpt+mini_l12-dj_adpt+mini_l6-dj_adpt+gte_base-dj_adpt+gtr_t5-dj_adpt+mpnet-dj_adpt+kalm_instruct_v2_5-dj_adpt+qwen3_06b-dj_adpt+qwen3_4b-dj_adpt+kalm_gemma3_12b-dj_adpt+llama_nemotron_8b-dj_adpt+qwen3_8b-dj_adpt,107.0,3.091104507446289
cl_noval,distilroberta-dj_adpt+mini_l12-dj_adpt+mini_l6-dj_adpt+gte_base-dj_adpt+gtr_t5-dj_adpt+mpnet-dj_adpt+kalm_instruct_v2_5-dj_adpt+qwen3_06b-dj_adpt+qwen3_4b-dj_adpt+kalm_gemma3_12b-dj_adpt+llama_nemotron_8b-dj_adpt+qwen3_8b-dj_adpt,108.0,3.090770959854126
cl_noval,distilroberta-dj_adpt+mini_l12-dj_adpt+mini_l6-dj_adpt+gte_base-dj_adpt+gtr_t5-dj_adpt+mpnet-dj_adpt+kalm_instruct_v2_5-dj_adpt+qwen3_06b-dj_adpt+qwen3_4b-dj_adpt+kalm_gemma3_12b-dj_adpt+llama_nemotron_8b-dj_adpt+qwen3_8b-dj_adpt,109.0,3.090573310852051
cl_noval,distilroberta-dj_adpt+mini_l12-dj_adpt+mini_l6-dj_adpt+gte_base-dj_adpt+gtr_t5-dj_adpt+mpnet-dj_adpt+kalm_instruct_v2_5-dj_adpt+qwen3_06b-dj_adpt+qwen3_4b-dj_adpt+kalm_gemma3_12b-dj_adpt+llama_nemotron_8b-dj_adpt+qwen3_8b-dj_adpt,110.0,3.0895516872406006
cl_noval,distilroberta-dj_adpt+mini_l12-dj_adpt+mini_l6-dj_adpt+gte_base-dj_adpt+gtr_t5-dj_adpt+mpnet-dj_adpt+kalm_instruct_v2_5-dj_adpt+qwen3_06b-dj_adpt+qwen3_4b-dj_adpt+kalm_gemma3_12b-dj_adpt+llama_nemotron_8b-dj_adpt+qwen3_8b-dj_adpt,111.0,3.0889017581939697
cl_noval,distilroberta-dj_adpt+mini_l12-dj_adpt+mini_l6-dj_adpt+gte_base-dj_adpt+gtr_t5-dj_adpt+mpnet-dj_adpt+kalm_instruct_v2_5-dj_adpt+qwen3_06b-dj_adpt+qwen3_4b-dj_adpt+kalm_gemma3_12b-dj_adpt+llama_nemotron_8b-dj_adpt+qwen3_8b-dj_adpt,112.0,3.0885841846466064
cl_noval,distilroberta-dj_adpt+mini_l12-dj_adpt+mini_l6-dj_adpt+gte_base-dj_adpt+gtr_t5-dj_adpt+mpnet-dj_adpt+kalm_instruct_v2_5-dj_adpt+qwen3_06b-dj_adpt+qwen3_4b-dj_adpt+kalm_gemma3_12b-dj_adpt+llama_nemotron_8b-dj_adpt+qwen3_8b-dj_adpt,113.0,3.088038921356201
cl_noval,distilroberta-dj_adpt+mini_l12-dj_adpt+mini_l6-dj_adpt+gte_base-dj_adpt+gtr_t5-dj_adpt+mpnet-dj_adpt+kalm_instruct_v2_5-dj_adpt+qwen3_06b-dj_adpt+qwen3_4b-dj_adpt+kalm_gemma3_12b-dj_adpt+llama_nemotron_8b-dj_adpt+qwen3_8b-dj_adpt,114.0,3.0876176357269287
cl_noval,distilroberta-dj_adpt+mini_l12-dj_adpt+mini_l6-dj_adpt+gte_base-dj_adpt+gtr_t5-dj_adpt+mpnet-dj_adpt+kalm_instruct_v2_5-dj_adpt+qwen3_06b-dj_adpt+qwen3_4b-dj_adpt+kalm_gemma3_12b-dj_adpt+llama_nemotron_8b-dj_adpt+qwen3_8b-dj_adpt,115.0,3.0871422290802
cl_noval,distilroberta-dj_adpt+mini_l12-dj_adpt+mini_l6-dj_adpt+gte_base-dj_adpt+gtr_t5-dj_adpt+mpnet-dj_adpt+kalm_instruct_v2_5-dj_adpt+qwen3_06b-dj_adpt+qwen3_4b-dj_adpt+kalm_gemma3_12b-dj_adpt+llama_nemotron_8b-dj_adpt+qwen3_8b-dj_adpt,116.0,3.085814952850342
cl_noval,distilroberta-dj_adpt+mini_l12-dj_adpt+mini_l6-dj_adpt+gte_base-dj_adpt+gtr_t5-dj_adpt+mpnet-dj_adpt+kalm_instruct_v2_5-dj_adpt+qwen3_06b-dj_adpt+qwen3_4b-dj_adpt+kalm_gemma3_12b-dj_adpt+llama_nemotron_8b-dj_adpt+qwen3_8b-dj_adpt,117.0,3.08587646484375
cl_noval,distilroberta-dj_adpt+mini_l12-dj_adpt+mini_l6-dj_adpt+gte_base-dj_adpt+gtr_t5-dj_adpt+mpnet-dj_adpt+kalm_instruct_v2_5-dj_adpt+qwen3_06b-dj_adpt+qwen3_4b-dj_adpt+kalm_gemma3_12b-dj_adpt+llama_nemotron_8b-dj_adpt+qwen3_8b-dj_adpt,118.0,3.0860884189605713
cl_noval,distilroberta-dj_adpt+mini_l12-dj_adpt+mini_l6-dj_adpt+gte_base-dj_adpt+gtr_t5-dj_adpt+mpnet-dj_adpt+kalm_instruct_v2_5-dj_adpt+qwen3_06b-dj_adpt+qwen3_4b-dj_adpt+kalm_gemma3_12b-dj_adpt+llama_nemotron_8b-dj_adpt+qwen3_8b-dj_adpt,119.0,3.0852086544036865
cl_noval,distilroberta-dj_adpt+mini_l12-dj_adpt+mini_l6-dj_adpt+gte_base-dj_adpt+gtr_t5-dj_adpt+mpnet-dj_adpt+kalm_instruct_v2_5-dj_adpt+qwen3_06b-dj_adpt+qwen3_4b-dj_adpt+kalm_gemma3_12b-dj_adpt+llama_nemotron_8b-dj_adpt+qwen3_8b-dj_adpt,120.0,3.0851924419403076
cl_noval,distilroberta-dj_adpt+mini_l12-dj_adpt+mini_l6-dj_adpt+gte_base-dj_adpt+gtr_t5-dj_adpt+mpnet-dj_adpt+kalm_instruct_v2_5-dj_adpt+qwen3_06b-dj_adpt+qwen3_4b-dj_adpt+kalm_gemma3_12b-dj_adpt+llama_nemotron_8b-dj_adpt+qwen3_8b-dj_adpt,121.0,3.083828926086426
cl_noval,distilroberta-dj_adpt+mini_l12-dj_adpt+mini_l6-dj_adpt+gte_base-dj_adpt+gtr_t5-dj_adpt+mpnet-dj_adpt+kalm_instruct_v2_5-dj_adpt+qwen3_06b-dj_adpt+qwen3_4b-dj_adpt+kalm_gemma3_12b-dj_adpt+llama_nemotron_8b-dj_adpt+qwen3_8b-dj_adpt,122.0,3.0834224224090576
cl_noval,distilroberta-dj_adpt+mini_l12-dj_adpt+mini_l6-dj_adpt+gte_base-dj_adpt+gtr_t5-dj_adpt+mpnet-dj_adpt+kalm_instruct_v2_5-dj_adpt+qwen3_06b-dj_adpt+qwen3_4b-dj_adpt+kalm_gemma3_12b-dj_adpt+llama_nemotron_8b-dj_adpt+qwen3_8b-dj_adpt,123.0,3.08321475982666
cl_noval,distilroberta-dj_adpt+mini_l12-dj_adpt+mini_l6-dj_adpt+gte_base-dj_adpt+gtr_t5-dj_adpt+mpnet-dj_adpt+kalm_instruct_v2_5-dj_adpt+qwen3_06b-dj_adpt+qwen3_4b-dj_adpt+kalm_gemma3_12b-dj_adpt+llama_nemotron_8b-dj_adpt+qwen3_8b-dj_adpt,124.0,3.0831406116485596
cl_noval,distilroberta-dj_adpt+mini_l12-dj_adpt+mini_l6-dj_adpt+gte_base-dj_adpt+gtr_t5-dj_adpt+mpnet-dj_adpt+kalm_instruct_v2_5-dj_adpt+qwen3_06b-dj_adpt+qwen3_4b-dj_adpt+kalm_gemma3_12b-dj_adpt+llama_nemotron_8b-dj_adpt+qwen3_8b-dj_adpt,125.0,3.082162618637085
cl_noval,distilroberta-dj_adpt+mini_l12-dj_adpt+mini_l6-dj_adpt+gte_base-dj_adpt+gtr_t5-dj_adpt+mpnet-dj_adpt+kalm_instruct_v2_5-dj_adpt+qwen3_06b-dj_adpt+qwen3_4b-dj_adpt+kalm_gemma3_12b-dj_adpt+llama_nemotron_8b-dj_adpt+qwen3_8b-dj_adpt,126.0,3.0816617012023926
cl_noval,distilroberta-dj_adpt+mini_l12-dj_adpt+mini_l6-dj_adpt+gte_base-dj_adpt+gtr_t5-dj_adpt+mpnet-dj_adpt+kalm_instruct_v2_5-dj_adpt+qwen3_06b-dj_adpt+qwen3_4b-dj_adpt+kalm_gemma3_12b-dj_adpt+llama_nemotron_8b-dj_adpt+qwen3_8b-dj_adpt,127.0,3.0813145637512207
cl_noval,distilroberta-dj_adpt+mini_l12-dj_adpt+mini_l6-dj_adpt+gte_base-dj_adpt+gtr_t5-dj_adpt+mpnet-dj_adpt+kalm_instruct_v2_5-dj_adpt+qwen3_06b-dj_adpt+qwen3_4b-dj_adpt+kalm_gemma3_12b-dj_adpt+llama_nemotron_8b-dj_adpt+qwen3_8b-dj_adpt,128.0,3.0809688568115234
cl_noval,distilroberta-dj_adpt+mini_l12-dj_adpt+mini_l6-dj_adpt+gte_base-dj_adpt+gtr_t5-dj_adpt+mpnet-dj_adpt+kalm_instruct_v2_5-dj_adpt+qwen3_06b-dj_adpt+qwen3_4b-dj_adpt+kalm_gemma3_12b-dj_adpt+llama_nemotron_8b-dj_adpt+qwen3_8b-dj_adpt,129.0,3.0800909996032715
cl_noval,distilroberta-dj_adpt+mini_l12-dj_adpt+mini_l6-dj_adpt+gte_base-dj_adpt+gtr_t5-dj_adpt+mpnet-dj_adpt+kalm_instruct_v2_5-dj_adpt+qwen3_06b-dj_adpt+qwen3_4b-dj_adpt+kalm_gemma3_12b-dj_adpt+llama_nemotron_8b-dj_adpt+qwen3_8b-dj_adpt,130.0,3.079850673675537
cl_noval,distilroberta-dj_adpt+mini_l12-dj_adpt+mini_l6-dj_adpt+gte_base-dj_adpt+gtr_t5-dj_adpt+mpnet-dj_adpt+kalm_instruct_v2_5-dj_adpt+qwen3_06b-dj_adpt+qwen3_4b-dj_adpt+kalm_gemma3_12b-dj_adpt+llama_nemotron_8b-dj_adpt+qwen3_8b-dj_adpt,131.0,3.0797653198242188
cl_noval,distilroberta-dj_adpt+mini_l12-dj_adpt+mini_l6-dj_adpt+gte_base-dj_adpt+gtr_t5-dj_adpt+mpnet-dj_adpt+kalm_instruct_v2_5-dj_adpt+qwen3_06b-dj_adpt+qwen3_4b-dj_adpt+kalm_gemma3_12b-dj_adpt+llama_nemotron_8b-dj_adpt+qwen3_8b-dj_adpt,132.0,3.0793886184692383
cl_noval,distilroberta-dj_adpt+mini_l12-dj_adpt+mini_l6-dj_adpt+gte_base-dj_adpt+gtr_t5-dj_adpt+mpnet-dj_adpt+kalm_instruct_v2_5-dj_adpt+qwen3_06b-dj_adpt+qwen3_4b-dj_adpt+kalm_gemma3_12b-dj_adpt+llama_nemotron_8b-dj_adpt+qwen3_8b-dj_adpt,133.0,3.079115629196167
cl_noval,distilroberta-dj_adpt+mini_l12-dj_adpt+mini_l6-dj_adpt+gte_base-dj_adpt+gtr_t5-dj_adpt+mpnet-dj_adpt+kalm_instruct_v2_5-dj_adpt+qwen3_06b-dj_adpt+qwen3_4b-dj_adpt+kalm_gemma3_12b-dj_adpt+llama_nemotron_8b-dj_adpt+qwen3_8b-dj_adpt,134.0,3.078626871109009
cl_noval,distilroberta-dj_adpt+mini_l12-dj_adpt+mini_l6-dj_adpt+gte_base-dj_adpt+gtr_t5-dj_adpt+mpnet-dj_adpt+kalm_instruct_v2_5-dj_adpt+qwen3_06b-dj_adpt+qwen3_4b-dj_adpt+kalm_gemma3_12b-dj_adpt+llama_nemotron_8b-dj_adpt+qwen3_8b-dj_adpt,135.0,3.077876329421997
cl_noval,distilroberta-dj_adpt+mini_l12-dj_adpt+mini_l6-dj_adpt+gte_base-dj_adpt+gtr_t5-dj_adpt+mpnet-dj_adpt+kalm_instruct_v2_5-dj_adpt+qwen3_06b-dj_adpt+qwen3_4b-dj_adpt+kalm_gemma3_12b-dj_adpt+llama_nemotron_8b-dj_adpt+qwen3_8b-dj_adpt,136.0,3.0779285430908203
cl_noval,distilroberta-dj_adpt+mini_l12-dj_adpt+mini_l6-dj_adpt+gte_base-dj_adpt+gtr_t5-dj_adpt+mpnet-dj_adpt+kalm_instruct_v2_5-dj_adpt+qwen3_06b-dj_adpt+qwen3_4b-dj_adpt+kalm_gemma3_12b-dj_adpt+llama_nemotron_8b-dj_adpt+qwen3_8b-dj_adpt,137.0,3.0772080421447754
cl_noval,distilroberta-dj_adpt+mini_l12-dj_adpt+mini_l6-dj_adpt+gte_base-dj_adpt+gtr_t5-dj_adpt+mpnet-dj_adpt+kalm_instruct_v2_5-dj_adpt+qwen3_06b-dj_adpt+qwen3_4b-dj_adpt+kalm_gemma3_12b-dj_adpt+llama_nemotron_8b-dj_adpt+qwen3_8b-dj_adpt,138.0,3.0772571563720703
cl_noval,distilroberta-dj_adpt+mini_l12-dj_adpt+mini_l6-dj_adpt+gte_base-dj_adpt+gtr_t5-dj_adpt+mpnet-dj_adpt+kalm_instruct_v2_5-dj_adpt+qwen3_06b-dj_adpt+qwen3_4b-dj_adpt+kalm_gemma3_12b-dj_adpt+llama_nemotron_8b-dj_adpt+qwen3_8b-dj_adpt,139.0,3.076521158218384
cl_noval,distilroberta-dj_adpt+mini_l12-dj_adpt+mini_l6-dj_adpt+gte_base-dj_adpt+gtr_t5-dj_adpt+mpnet-dj_adpt+kalm_instruct_v2_5-dj_adpt+qwen3_06b-dj_adpt+qwen3_4b-dj_adpt+kalm_gemma3_12b-dj_adpt+llama_nemotron_8b-dj_adpt+qwen3_8b-dj_adpt,140.0,3.0763444900512695
cl_noval,distilroberta-dj_adpt+mini_l12-dj_adpt+mini_l6-dj_adpt+gte_base-dj_adpt+gtr_t5-dj_adpt+mpnet-dj_adpt+kalm_instruct_v2_5-dj_adpt+qwen3_06b-dj_adpt+qwen3_4b-dj_adpt+kalm_gemma3_12b-dj_adpt+llama_nemotron_8b-dj_adpt+qwen3_8b-dj_adpt,141.0,3.075617551803589
cl_noval,distilroberta-dj_adpt+mini_l12-dj_adpt+mini_l6-dj_adpt+gte_base-dj_adpt+gtr_t5-dj_adpt+mpnet-dj_adpt+kalm_instruct_v2_5-dj_adpt+qwen3_06b-dj_adpt+qwen3_4b-dj_adpt+kalm_gemma3_12b-dj_adpt+llama_nemotron_8b-dj_adpt+qwen3_8b-dj_adpt,142.0,3.0758044719696045
cl_noval,distilroberta-dj_adpt+mini_l12-dj_adpt+mini_l6-dj_adpt+gte_base-dj_adpt+gtr_t5-dj_adpt+mpnet-dj_adpt+kalm_instruct_v2_5-dj_adpt+qwen3_06b-dj_adpt+qwen3_4b-dj_adpt+kalm_gemma3_12b-dj_adpt+llama_nemotron_8b-dj_adpt+qwen3_8b-dj_adpt,143.0,3.0756468772888184
cl_noval,distilroberta-dj_adpt+mini_l12-dj_adpt+mini_l6-dj_adpt+gte_base-dj_adpt+gtr_t5-dj_adpt+mpnet-dj_adpt+kalm_instruct_v2_5-dj_adpt+qwen3_06b-dj_adpt+qwen3_4b-dj_adpt+kalm_gemma3_12b-dj_adpt+llama_nemotron_8b-dj_adpt+qwen3_8b-dj_adpt,144.0,3.0750083923339844
cl_noval,distilroberta-dj_adpt+mini_l12-dj_adpt+mini_l6-dj_adpt+gte_base-dj_adpt+gtr_t5-dj_adpt+mpnet-dj_adpt+kalm_instruct_v2_5-dj_adpt+qwen3_06b-dj_adpt+qwen3_4b-dj_adpt+kalm_gemma3_12b-dj_adpt+llama_nemotron_8b-dj_adpt+qwen3_8b-dj_adpt,145.0,3.074507474899292
cl_noval,distilroberta-dj_adpt+mini_l12-dj_adpt+mini_l6-dj_adpt+gte_base-dj_adpt+gtr_t5-dj_adpt+mpnet-dj_adpt+kalm_instruct_v2_5-dj_adpt+qwen3_06b-dj_adpt+qwen3_4b-dj_adpt+kalm_gemma3_12b-dj_adpt+llama_nemotron_8b-dj_adpt+qwen3_8b-dj_adpt,146.0,3.0748445987701416
cl_noval,distilroberta-dj_adpt+mini_l12-dj_adpt+mini_l6-dj_adpt+gte_base-dj_adpt+gtr_t5-dj_adpt+mpnet-dj_adpt+kalm_instruct_v2_5-dj_adpt+qwen3_06b-dj_adpt+qwen3_4b-dj_adpt+kalm_gemma3_12b-dj_adpt+llama_nemotron_8b-dj_adpt+qwen3_8b-dj_adpt,147.0,3.073681354522705
cl_noval,distilroberta-dj_adpt+mini_l12-dj_adpt+mini_l6-dj_adpt+gte_base-dj_adpt+gtr_t5-dj_adpt+mpnet-dj_adpt+kalm_instruct_v2_5-dj_adpt+qwen3_06b-dj_adpt+qwen3_4b-dj_adpt+kalm_gemma3_12b-dj_adpt+llama_nemotron_8b-dj_adpt+qwen3_8b-dj_adpt,148.0,3.074026584625244
cl_noval,distilroberta-dj_adpt+mini_l12-dj_adpt+mini_l6-dj_adpt+gte_base-dj_adpt+gtr_t5-dj_adpt+mpnet-dj_adpt+kalm_instruct_v2_5-dj_adpt+qwen3_06b-dj_adpt+qwen3_4b-dj_adpt+kalm_gemma3_12b-dj_adpt+llama_nemotron_8b-dj_adpt+qwen3_8b-dj_adpt,149.0,3.073136806488037
cl_noval,distilroberta-dj_adpt+mini_l12-dj_adpt+mini_l6-dj_adpt+gte_base-dj_adpt+gtr_t5-dj_adpt+mpnet-dj_adpt+kalm_instruct_v2_5-dj_adpt+qwen3_06b-dj_adpt+qwen3_4b-dj_adpt+kalm_gemma3_12b-dj_adpt+llama_nemotron_8b-dj_adpt+qwen3_8b-dj_adpt,150.0,3.0733532905578613
cl_noval,distilroberta-dj_adpt+mini_l12-dj_adpt+mini_l6-dj_adpt+gte_base-dj_adpt+gtr_t5-dj_adpt+mpnet-dj_adpt+kalm_instruct_v2_5-dj_adpt+qwen3_06b-dj_adpt+qwen3_4b-dj_adpt+kalm_gemma3_12b-dj_adpt+llama_nemotron_8b-dj_adpt+qwen3_8b-dj_adpt,151.0,3.0728843212127686
cl_noval,distilroberta-dj_adpt+mini_l12-dj_adpt+mini_l6-dj_adpt+gte_base-dj_adpt+gtr_t5-dj_adpt+mpnet-dj_adpt+kalm_instruct_v2_5-dj_adpt+qwen3_06b-dj_adpt+qwen3_4b-dj_adpt+kalm_gemma3_12b-dj_adpt+llama_nemotron_8b-dj_adpt+qwen3_8b-dj_adpt,152.0,3.072763204574585
cl_noval,distilroberta-dj_adpt+mini_l12-dj_adpt+mini_l6-dj_adpt+gte_base-dj_adpt+gtr_t5-dj_adpt+mpnet-dj_adpt+kalm_instruct_v2_5-dj_adpt+qwen3_06b-dj_adpt+qwen3_4b-dj_adpt+kalm_gemma3_12b-dj_adpt+llama_nemotron_8b-dj_adpt+qwen3_8b-dj_adpt,153.0,3.072298288345337
cl_noval,distilroberta-dj_adpt+mini_l12-dj_adpt+mini_l6-dj_adpt+gte_base-dj_adpt+gtr_t5-dj_adpt+mpnet-dj_adpt+kalm_instruct_v2_5-dj_adpt+qwen3_06b-dj_adpt+qwen3_4b-dj_adpt+kalm_gemma3_12b-dj_adpt+llama_nemotron_8b-dj_adpt+qwen3_8b-dj_adpt,154.0,3.0717921257019043
cl_noval,distilroberta-dj_adpt+mini_l12-dj_adpt+mini_l6-dj_adpt+gte_base-dj_adpt+gtr_t5-dj_adpt+mpnet-dj_adpt+kalm_instruct_v2_5-dj_adpt+qwen3_06b-dj_adpt+qwen3_4b-dj_adpt+kalm_gemma3_12b-dj_adpt+llama_nemotron_8b-dj_adpt+qwen3_8b-dj_adpt,155.0,3.071195363998413
cl_noval,distilroberta-dj_adpt+mini_l12-dj_adpt+mini_l6-dj_adpt+gte_base-dj_adpt+gtr_t5-dj_adpt+mpnet-dj_adpt+kalm_instruct_v2_5-dj_adpt+qwen3_06b-dj_adpt+qwen3_4b-dj_adpt+kalm_gemma3_12b-dj_adpt+llama_nemotron_8b-dj_adpt+qwen3_8b-dj_adpt,156.0,3.0711095333099365
cl_noval,distilroberta-dj_adpt+mini_l12-dj_adpt+mini_l6-dj_adpt+gte_base-dj_adpt+gtr_t5-dj_adpt+mpnet-dj_adpt+kalm_instruct_v2_5-dj_adpt+qwen3_06b-dj_adpt+qwen3_4b-dj_adpt+kalm_gemma3_12b-dj_adpt+llama_nemotron_8b-dj_adpt+qwen3_8b-dj_adpt,157.0,3.0707342624664307
cl_noval,distilroberta-dj_adpt+mini_l12-dj_adpt+mini_l6-dj_adpt+gte_base-dj_adpt+gtr_t5-dj_adpt+mpnet-dj_adpt+kalm_instruct_v2_5-dj_adpt+qwen3_06b-dj_adpt+qwen3_4b-dj_adpt+kalm_gemma3_12b-dj_adpt+llama_nemotron_8b-dj_adpt+qwen3_8b-dj_adpt,158.0,3.0702285766601562
cl_noval,distilroberta-dj_adpt+mini_l12-dj_adpt+mini_l6-dj_adpt+gte_base-dj_adpt+gtr_t5-dj_adpt+mpnet-dj_adpt+kalm_instruct_v2_5-dj_adpt+qwen3_06b-dj_adpt+qwen3_4b-dj_adpt+kalm_gemma3_12b-dj_adpt+llama_nemotron_8b-dj_adpt+qwen3_8b-dj_adpt,159.0,3.070709228515625
cl_noval,distilroberta-dj_adpt+mini_l12-dj_adpt+mini_l6-dj_adpt+gte_base-dj_adpt+gtr_t5-dj_adpt+mpnet-dj_adpt+kalm_instruct_v2_5-dj_adpt+qwen3_06b-dj_adpt+qwen3_4b-dj_adpt+kalm_gemma3_12b-dj_adpt+llama_nemotron_8b-dj_adpt+qwen3_8b-dj_adpt,160.0,3.0704305171966553
cl_noval,distilroberta-dj_adpt+mini_l12-dj_adpt+mini_l6-dj_adpt+gte_base-dj_adpt+gtr_t5-dj_adpt+mpnet-dj_adpt+kalm_instruct_v2_5-dj_adpt+qwen3_06b-dj_adpt+qwen3_4b-dj_adpt+kalm_gemma3_12b-dj_adpt+llama_nemotron_8b-dj_adpt+qwen3_8b-dj_adpt,161.0,3.0701122283935547
cl_noval,distilroberta-dj_adpt+mini_l12-dj_adpt+mini_l6-dj_adpt+gte_base-dj_adpt+gtr_t5-dj_adpt+mpnet-dj_adpt+kalm_instruct_v2_5-dj_adpt+qwen3_06b-dj_adpt+qwen3_4b-dj_adpt+kalm_gemma3_12b-dj_adpt+llama_nemotron_8b-dj_adpt+qwen3_8b-dj_adpt,162.0,3.0694046020507812
cl_noval,distilroberta-dj_adpt+mini_l12-dj_adpt+mini_l6-dj_adpt+gte_base-dj_adpt+gtr_t5-dj_adpt+mpnet-dj_adpt+kalm_instruct_v2_5-dj_adpt+qwen3_06b-dj_adpt+qwen3_4b-dj_adpt+kalm_gemma3_12b-dj_adpt+llama_nemotron_8b-dj_adpt+qwen3_8b-dj_adpt,163.0,3.069779872894287
cl_noval,distilroberta-dj_adpt+mini_l12-dj_adpt+mini_l6-dj_adpt+gte_base-dj_adpt+gtr_t5-dj_adpt+mpnet-dj_adpt+kalm_instruct_v2_5-dj_adpt+qwen3_06b-dj_adpt+qwen3_4b-dj_adpt+kalm_gemma3_12b-dj_adpt+llama_nemotron_8b-dj_adpt+qwen3_8b-dj_adpt,164.0,3.070032835006714
cl_noval,distilroberta-dj_adpt+mini_l12-dj_adpt+mini_l6-dj_adpt+gte_base-dj_adpt+gtr_t5-dj_adpt+mpnet-dj_adpt+kalm_instruct_v2_5-dj_adpt+qwen3_06b-dj_adpt+qwen3_4b-dj_adpt+kalm_gemma3_12b-dj_adpt+llama_nemotron_8b-dj_adpt+qwen3_8b-dj_adpt,165.0,3.0696542263031006
cl_noval,distilroberta-dj_adpt+mini_l12-dj_adpt+mini_l6-dj_adpt+gte_base-dj_adpt+gtr_t5-dj_adpt+mpnet-dj_adpt+kalm_instruct_v2_5-dj_adpt+qwen3_06b-dj_adpt+qwen3_4b-dj_adpt+kalm_gemma3_12b-dj_adpt+llama_nemotron_8b-dj_adpt+qwen3_8b-dj_adpt,166.0,3.069202423095703
cl_noval,distilroberta-dj_adpt+mini_l12-dj_adpt+mini_l6-dj_adpt+gte_base-dj_adpt+gtr_t5-dj_adpt+mpnet-dj_adpt+kalm_instruct_v2_5-dj_adpt+qwen3_06b-dj_adpt+qwen3_4b-dj_adpt+kalm_gemma3_12b-dj_adpt+llama_nemotron_8b-dj_adpt+qwen3_8b-dj_adpt,167.0,3.0690174102783203
cl_noval,distilroberta-dj_adpt+mini_l12-dj_adpt+mini_l6-dj_adpt+gte_base-dj_adpt+gtr_t5-dj_adpt+mpnet-dj_adpt+kalm_instruct_v2_5-dj_adpt+qwen3_06b-dj_adpt+qwen3_4b-dj_adpt+kalm_gemma3_12b-dj_adpt+llama_nemotron_8b-dj_adpt+qwen3_8b-dj_adpt,168.0,3.0692756175994873
cl_noval,distilroberta-dj_adpt+mini_l12-dj_adpt+mini_l6-dj_adpt+gte_base-dj_adpt+gtr_t5-dj_adpt+mpnet-dj_adpt+kalm_instruct_v2_5-dj_adpt+qwen3_06b-dj_adpt+qwen3_4b-dj_adpt+kalm_gemma3_12b-dj_adpt+llama_nemotron_8b-dj_adpt+qwen3_8b-dj_adpt,169.0,3.0683939456939697
cl_noval,distilroberta-dj_adpt+mini_l12-dj_adpt+mini_l6-dj_adpt+gte_base-dj_adpt+gtr_t5-dj_adpt+mpnet-dj_adpt+kalm_instruct_v2_5-dj_adpt+qwen3_06b-dj_adpt+qwen3_4b-dj_adpt+kalm_gemma3_12b-dj_adpt+llama_nemotron_8b-dj_adpt+qwen3_8b-dj_adpt,170.0,3.069187641143799
cl_noval,distilroberta-dj_adpt+mini_l12-dj_adpt+mini_l6-dj_adpt+gte_base-dj_adpt+gtr_t5-dj_adpt+mpnet-dj_adpt+kalm_instruct_v2_5-dj_adpt+qwen3_06b-dj_adpt+qwen3_4b-dj_adpt+kalm_gemma3_12b-dj_adpt+llama_nemotron_8b-dj_adpt+qwen3_8b-dj_adpt,171.0,3.068502902984619
cl_noval,distilroberta-dj_adpt+mini_l12-dj_adpt+mini_l6-dj_adpt+gte_base-dj_adpt+gtr_t5-dj_adpt+mpnet-dj_adpt+kalm_instruct_v2_5-dj_adpt+qwen3_06b-dj_adpt+qwen3_4b-dj_adpt+kalm_gemma3_12b-dj_adpt+llama_nemotron_8b-dj_adpt+qwen3_8b-dj_adpt,172.0,3.068653106689453
cl_noval,distilroberta-dj_adpt+mini_l12-dj_adpt+mini_l6-dj_adpt+gte_base-dj_adpt+gtr_t5-dj_adpt+mpnet-dj_adpt+kalm_instruct_v2_5-dj_adpt+qwen3_06b-dj_adpt+qwen3_4b-dj_adpt+kalm_gemma3_12b-dj_adpt+llama_nemotron_8b-dj_adpt+qwen3_8b-dj_adpt,173.0,3.068157434463501
cl_noval,distilroberta-dj_adpt+mini_l12-dj_adpt+mini_l6-dj_adpt+gte_base-dj_adpt+gtr_t5-dj_adpt+mpnet-dj_adpt+kalm_instruct_v2_5-dj_adpt+qwen3_06b-dj_adpt+qwen3_4b-dj_adpt+kalm_gemma3_12b-dj_adpt+llama_nemotron_8b-dj_adpt+qwen3_8b-dj_adpt,174.0,3.067488431930542
cl_noval,distilroberta-dj_adpt+mini_l12-dj_adpt+mini_l6-dj_adpt+gte_base-dj_adpt+gtr_t5-dj_adpt+mpnet-dj_adpt+kalm_instruct_v2_5-dj_adpt+qwen3_06b-dj_adpt+qwen3_4b-dj_adpt+kalm_gemma3_12b-dj_adpt+llama_nemotron_8b-dj_adpt+qwen3_8b-dj_adpt,175.0,3.0675501823425293
cl_noval,distilroberta-dj_adpt+mini_l12-dj_adpt+mini_l6-dj_adpt+gte_base-dj_adpt+gtr_t5-dj_adpt+mpnet-dj_adpt+kalm_instruct_v2_5-dj_adpt+qwen3_06b-dj_adpt+qwen3_4b-dj_adpt+kalm_gemma3_12b-dj_adpt+llama_nemotron_8b-dj_adpt+qwen3_8b-dj_adpt,176.0,3.0676419734954834
cl_noval,distilroberta-dj_adpt+mini_l12-dj_adpt+mini_l6-dj_adpt+gte_base-dj_adpt+gtr_t5-dj_adpt+mpnet-dj_adpt+kalm_instruct_v2_5-dj_adpt+qwen3_06b-dj_adpt+qwen3_4b-dj_adpt+kalm_gemma3_12b-dj_adpt+llama_nemotron_8b-dj_adpt+qwen3_8b-dj_adpt,177.0,3.067067861557007
cl_noval,distilroberta-dj_adpt+mini_l12-dj_adpt+mini_l6-dj_adpt+gte_base-dj_adpt+gtr_t5-dj_adpt+mpnet-dj_adpt+kalm_instruct_v2_5-dj_adpt+qwen3_06b-dj_adpt+qwen3_4b-dj_adpt+kalm_gemma3_12b-dj_adpt+llama_nemotron_8b-dj_adpt+qwen3_8b-dj_adpt,178.0,3.0667896270751953
cl_noval,distilroberta-dj_adpt+mini_l12-dj_adpt+mini_l6-dj_adpt+gte_base-dj_adpt+gtr_t5-dj_adpt+mpnet-dj_adpt+kalm_instruct_v2_5-dj_adpt+qwen3_06b-dj_adpt+qwen3_4b-dj_adpt+kalm_gemma3_12b-dj_adpt+llama_nemotron_8b-dj_adpt+qwen3_8b-dj_adpt,179.0,3.067064046859741
cl_noval,distilroberta-dj_adpt+mini_l12-dj_adpt+mini_l6-dj_adpt+gte_base-dj_adpt+gtr_t5-dj_adpt+mpnet-dj_adpt+kalm_instruct_v2_5-dj_adpt+qwen3_06b-dj_adpt+qwen3_4b-dj_adpt+kalm_gemma3_12b-dj_adpt+llama_nemotron_8b-dj_adpt+qwen3_8b-dj_adpt,180.0,3.066925525665283
cl_noval,distilroberta-dj_adpt+mini_l12-dj_adpt+mini_l6-dj_adpt+gte_base-dj_adpt+gtr_t5-dj_adpt+mpnet-dj_adpt+kalm_instruct_v2_5-dj_adpt+qwen3_06b-dj_adpt+qwen3_4b-dj_adpt+kalm_gemma3_12b-dj_adpt+llama_nemotron_8b-dj_adpt+qwen3_8b-dj_adpt,181.0,3.067124605178833
cl_noval,distilroberta-dj_adpt+mini_l12-dj_adpt+mini_l6-dj_adpt+gte_base-dj_adpt+gtr_t5-dj_adpt+mpnet-dj_adpt+kalm_instruct_v2_5-dj_adpt+qwen3_06b-dj_adpt+qwen3_4b-dj_adpt+kalm_gemma3_12b-dj_adpt+llama_nemotron_8b-dj_adpt+qwen3_8b-dj_adpt,182.0,3.067342758178711
cl_noval,distilroberta-dj_adpt+mini_l12-dj_adpt+mini_l6-dj_adpt+gte_base-dj_adpt+gtr_t5-dj_adpt+mpnet-dj_adpt+kalm_instruct_v2_5-dj_adpt+qwen3_06b-dj_adpt+qwen3_4b-dj_adpt+kalm_gemma3_12b-dj_adpt+llama_nemotron_8b-dj_adpt+qwen3_8b-dj_adpt,183.0,3.065887451171875
cl_noval,distilroberta-dj_adpt+mini_l12-dj_adpt+mini_l6-dj_adpt+gte_base-dj_adpt+gtr_t5-dj_adpt+mpnet-dj_adpt+kalm_instruct_v2_5-dj_adpt+qwen3_06b-dj_adpt+qwen3_4b-dj_adpt+kalm_gemma3_12b-dj_adpt+llama_nemotron_8b-dj_adpt+qwen3_8b-dj_adpt,184.0,3.0665740966796875
cl_noval,distilroberta-dj_adpt+mini_l12-dj_adpt+mini_l6-dj_adpt+gte_base-dj_adpt+gtr_t5-dj_adpt+mpnet-dj_adpt+kalm_instruct_v2_5-dj_adpt+qwen3_06b-dj_adpt+qwen3_4b-dj_adpt+kalm_gemma3_12b-dj_adpt+llama_nemotron_8b-dj_adpt+qwen3_8b-dj_adpt,185.0,3.0666255950927734
cl_noval,distilroberta-dj_adpt+mini_l12-dj_adpt+mini_l6-dj_adpt+gte_base-dj_adpt+gtr_t5-dj_adpt+mpnet-dj_adpt+kalm_instruct_v2_5-dj_adpt+qwen3_06b-dj_adpt+qwen3_4b-dj_adpt+kalm_gemma3_12b-dj_adpt+llama_nemotron_8b-dj_adpt+qwen3_8b-dj_adpt,186.0,3.066434860229492
cl_noval,distilroberta-dj_adpt+mini_l12-dj_adpt+mini_l6-dj_adpt+gte_base-dj_adpt+gtr_t5-dj_adpt+mpnet-dj_adpt+kalm_instruct_v2_5-dj_adpt+qwen3_06b-dj_adpt+qwen3_4b-dj_adpt+kalm_gemma3_12b-dj_adpt+llama_nemotron_8b-dj_adpt+qwen3_8b-dj_adpt,187.0,3.065830707550049
cl_noval,distilroberta-dj_adpt+mini_l12-dj_adpt+mini_l6-dj_adpt+gte_base-dj_adpt+gtr_t5-dj_adpt+mpnet-dj_adpt+kalm_instruct_v2_5-dj_adpt+qwen3_06b-dj_adpt+qwen3_4b-dj_adpt+kalm_gemma3_12b-dj_adpt+llama_nemotron_8b-dj_adpt+qwen3_8b-dj_adpt,188.0,3.065917491912842
cl_noval,distilroberta-dj_adpt+mini_l12-dj_adpt+mini_l6-dj_adpt+gte_base-dj_adpt+gtr_t5-dj_adpt+mpnet-dj_adpt+kalm_instruct_v2_5-dj_adpt+qwen3_06b-dj_adpt+qwen3_4b-dj_adpt+kalm_gemma3_12b-dj_adpt+llama_nemotron_8b-dj_adpt+qwen3_8b-dj_adpt,189.0,3.065737724304199
cl_noval,distilroberta-dj_adpt+mini_l12-dj_adpt+mini_l6-dj_adpt+gte_base-dj_adpt+gtr_t5-dj_adpt+mpnet-dj_adpt+kalm_instruct_v2_5-dj_adpt+qwen3_06b-dj_adpt+qwen3_4b-dj_adpt+kalm_gemma3_12b-dj_adpt+llama_nemotron_8b-dj_adpt+qwen3_8b-dj_adpt,190.0,3.065654754638672
cl_noval,distilroberta-dj_adpt+mini_l12-dj_adpt+mini_l6-dj_adpt+gte_base-dj_adpt+gtr_t5-dj_adpt+mpnet-dj_adpt+kalm_instruct_v2_5-dj_adpt+qwen3_06b-dj_adpt+qwen3_4b-dj_adpt+kalm_gemma3_12b-dj_adpt+llama_nemotron_8b-dj_adpt+qwen3_8b-dj_adpt,191.0,3.0659494400024414
cl_noval,distilroberta-dj_adpt+mini_l12-dj_adpt+mini_l6-dj_adpt+gte_base-dj_adpt+gtr_t5-dj_adpt+mpnet-dj_adpt+kalm_instruct_v2_5-dj_adpt+qwen3_06b-dj_adpt+qwen3_4b-dj_adpt+kalm_gemma3_12b-dj_adpt+llama_nemotron_8b-dj_adpt+qwen3_8b-dj_adpt,192.0,3.065816640853882
cl_noval,distilroberta-dj_adpt+mini_l12-dj_adpt+mini_l6-dj_adpt+gte_base-dj_adpt+gtr_t5-dj_adpt+mpnet-dj_adpt+kalm_instruct_v2_5-dj_adpt+qwen3_06b-dj_adpt+qwen3_4b-dj_adpt+kalm_gemma3_12b-dj_adpt+llama_nemotron_8b-dj_adpt+qwen3_8b-dj_adpt,193.0,3.0657052993774414
cl_noval,distilroberta-dj_adpt+mini_l12-dj_adpt+mini_l6-dj_adpt+gte_base-dj_adpt+gtr_t5-dj_adpt+mpnet-dj_adpt+kalm_instruct_v2_5-dj_adpt+qwen3_06b-dj_adpt+qwen3_4b-dj_adpt+kalm_gemma3_12b-dj_adpt+llama_nemotron_8b-dj_adpt+qwen3_8b-dj_adpt,194.0,3.0653741359710693
cl_noval,distilroberta-dj_adpt+mini_l12-dj_adpt+mini_l6-dj_adpt+gte_base-dj_adpt+gtr_t5-dj_adpt+mpnet-dj_adpt+kalm_instruct_v2_5-dj_adpt+qwen3_06b-dj_adpt+qwen3_4b-dj_adpt+kalm_gemma3_12b-dj_adpt+llama_nemotron_8b-dj_adpt+qwen3_8b-dj_adpt,195.0,3.065877914428711
cl_noval,distilroberta-dj_adpt+mini_l12-dj_adpt+mini_l6-dj_adpt+gte_base-dj_adpt+gtr_t5-dj_adpt+mpnet-dj_adpt+kalm_instruct_v2_5-dj_adpt+qwen3_06b-dj_adpt+qwen3_4b-dj_adpt+kalm_gemma3_12b-dj_adpt+llama_nemotron_8b-dj_adpt+qwen3_8b-dj_adpt,196.0,3.0657901763916016
cl_noval,distilroberta-dj_adpt+mini_l12-dj_adpt+mini_l6-dj_adpt+gte_base-dj_adpt+gtr_t5-dj_adpt+mpnet-dj_adpt+kalm_instruct_v2_5-dj_adpt+qwen3_06b-dj_adpt+qwen3_4b-dj_adpt+kalm_gemma3_12b-dj_adpt+llama_nemotron_8b-dj_adpt+qwen3_8b-dj_adpt,197.0,3.0659396648406982
cl_noval,distilroberta-dj_adpt+mini_l12-dj_adpt+mini_l6-dj_adpt+gte_base-dj_adpt+gtr_t5-dj_adpt+mpnet-dj_adpt+kalm_instruct_v2_5-dj_adpt+qwen3_06b-dj_adpt+qwen3_4b-dj_adpt+kalm_gemma3_12b-dj_adpt+llama_nemotron_8b-dj_adpt+qwen3_8b-dj_adpt,198.0,3.0663256645202637
cl_noval,distilroberta-dj_adpt+mini_l12-dj_adpt+mini_l6-dj_adpt+gte_base-dj_adpt+gtr_t5-dj_adpt+mpnet-dj_adpt+kalm_instruct_v2_5-dj_adpt+qwen3_06b-dj_adpt+qwen3_4b-dj_adpt+kalm_gemma3_12b-dj_adpt+llama_nemotron_8b-dj_adpt+qwen3_8b-dj_adpt,199.0,3.0663325786590576
