query_id,precision@1,recall@1,max_precision@1,max_recall@1,hits@1,mrr@1,ap@1,precision@5,recall@5,max_precision@5,max_recall@5,hits@5,mrr@5,ap@5,precision@10,recall@10,max_precision@10,max_recall@10,hits@10,mrr@10,ap@10,precision@15,recall@15,max_precision@15,max_recall@15,hits@15,mrr@15,ap@15,precision@20,recall@20,max_precision@20,max_recall@20,hits@20,mrr@20,ap@20,precision@25,recall@25,max_precision@25,max_recall@25,hits@25,mrr@25,ap@25,precision@30,recall@30,max_precision@30,max_recall@30,hits@30,mrr@30,ap@30,precision@35,recall@35,max_precision@35,max_recall@35,hits@35,mrr@35,ap@35,precision@40,recall@40,max_precision@40,max_recall@40,hits@40,mrr@40,ap@40,precision@45,recall@45,max_precision@45,max_recall@45,hits@45,mrr@45,ap@45,precision@50,recall@50,max_precision@50,max_recall@50,hits@50,mrr@50,ap@50,ckpt_name,dataset,num_views
cwurData.pq::country,1.0,0.03333333333333333,1.0,0.03333333333333333,1.0,1.0,0.03333333333333333,1.0,0.16666666666666666,1.0,0.16666666666666666,1.0,1.0,0.16666666666666666,1.0,0.3333333333333333,1.0,0.3333333333333333,1.0,1.0,0.3333333333333333,0.7333333333333333,0.36666666666666664,1.0,0.5,1.0,1.0,0.36666666666666664,0.55,0.36666666666666664,1.0,0.6666666666666666,1.0,1.0,0.36666666666666664,0.48,0.4,1.0,0.8333333333333334,1.0,1.0,0.3840579710144928,0.5,0.5,1.0,1.0,1.0,1.0,0.43401539970755365,0.5428571428571428,0.6333333333333333,0.8571428571428571,1.0,1.0,1.0,0.5046703310349233,0.55,0.7333333333333333,0.75,1.0,1.0,1.0,0.5604411018056941,0.5111111111111111,0.7666666666666667,0.6666666666666666,1.0,1.0,1.0,0.579140288797564,0.46,0.7666666666666667,0.6,1.0,1.0,1.0,0.579140288797564,webtable-la2m_nopca-v=2-distilroberta-dj_adpt~mini_l12-dj_adpt,freyja,2
countries_and_continents.pq::ISO4217-currency_country_name,1.0,0.037037037037037035,1.0,0.037037037037037035,1.0,1.0,0.037037037037037035,1.0,0.18518518518518517,1.0,0.18518518518518517,1.0,1.0,0.18518518518518517,1.0,0.37037037037037035,1.0,0.37037037037037035,1.0,1.0,0.37037037037037035,0.6666666666666666,0.37037037037037035,1.0,0.5555555555555556,1.0,1.0,0.37037037037037035,0.55,0.4074074074074074,1.0,0.7407407407407407,1.0,1.0,0.3943355119825708,0.44,0.4074074074074074,1.0,0.9259259259259259,1.0,1.0,0.3943355119825708,0.4666666666666667,0.5185185185185185,0.9,1.0,1.0,1.0,0.44778069505738355,0.45714285714285713,0.5925925925925926,0.7714285714285715,1.0,1.0,1.0,0.48309915745917925,0.4,0.5925925925925926,0.675,1.0,1.0,1.0,0.48309915745917925,0.37777777777777777,0.6296296296296297,0.6,1.0,1.0,1.0,0.4974089217689436,0.34,0.6296296296296297,0.54,1.0,1.0,1.0,0.4974089217689436,webtable-la2m_nopca-v=2-distilroberta-dj_adpt~mini_l12-dj_adpt,freyja,2
pte_imine.pq::Arg0,1.0,0.03125,1.0,0.03125,1.0,1.0,0.03125,0.2,0.03125,1.0,0.15625,1.0,1.0,0.03125,0.1,0.03125,1.0,0.3125,1.0,1.0,0.03125,0.06666666666666667,0.03125,1.0,0.46875,1.0,1.0,0.03125,0.05,0.03125,1.0,0.625,1.0,1.0,0.03125,0.04,0.03125,1.0,0.78125,1.0,1.0,0.03125,0.03333333333333333,0.03125,1.0,0.9375,1.0,1.0,0.03125,0.02857142857142857,0.03125,0.9142857142857143,1.0,1.0,1.0,0.03125,0.025,0.03125,0.8,1.0,1.0,1.0,0.03125,0.022222222222222223,0.03125,0.7111111111111111,1.0,1.0,1.0,0.03125,0.02,0.03125,0.64,1.0,1.0,1.0,0.03125,webtable-la2m_nopca-v=2-distilroberta-dj_adpt~mini_l12-dj_adpt,freyja,2
countries_and_continents.pq::official_name_en,1.0,0.037037037037037035,1.0,0.037037037037037035,1.0,1.0,0.037037037037037035,1.0,0.18518518518518517,1.0,0.18518518518518517,1.0,1.0,0.18518518518518517,1.0,0.37037037037037035,1.0,0.37037037037037035,1.0,1.0,0.37037037037037035,0.7333333333333333,0.4074074074074074,1.0,0.5555555555555556,1.0,1.0,0.3975308641975308,0.55,0.4074074074074074,1.0,0.7407407407407407,1.0,1.0,0.3975308641975308,0.44,0.4074074074074074,1.0,0.9259259259259259,1.0,1.0,0.3975308641975308,0.4666666666666667,0.5185185185185185,0.9,1.0,1.0,1.0,0.4503374776682567,0.42857142857142855,0.5555555555555556,0.7714285714285715,1.0,1.0,1.0,0.4682586246216618,0.375,0.5555555555555556,0.675,1.0,1.0,1.0,0.4682586246216618,0.37777777777777777,0.6296296296296297,0.6,1.0,1.0,1.0,0.4963496120149747,0.34,0.6296296296296297,0.54,1.0,1.0,1.0,0.4963496120149747,webtable-la2m_nopca-v=2-distilroberta-dj_adpt~mini_l12-dj_adpt,freyja,2
world_country.pq::Name,1.0,0.034482758620689655,1.0,0.034482758620689655,1.0,1.0,0.034482758620689655,1.0,0.1724137931034483,1.0,0.1724137931034483,1.0,1.0,0.1724137931034483,0.9,0.3103448275862069,1.0,0.3448275862068966,1.0,1.0,0.3103448275862069,0.8,0.41379310344827586,1.0,0.5172413793103449,1.0,1.0,0.4008881922675026,0.85,0.5862068965517241,1.0,0.6896551724137931,1.0,1.0,0.5443870891039141,0.88,0.7586206896551724,1.0,0.8620689655172413,1.0,1.0,0.6942265524891046,0.7666666666666667,0.7931034482758621,0.9666666666666667,1.0,1.0,1.0,0.7247305312689455,0.6571428571428571,0.7931034482758621,0.8285714285714286,1.0,1.0,1.0,0.7247305312689455,0.575,0.7931034482758621,0.725,1.0,1.0,1.0,0.7247305312689455,0.5333333333333333,0.8275862068965517,0.6444444444444445,1.0,1.0,1.0,0.7439767221270048,0.5,0.8620689655172413,0.58,1.0,1.0,1.0,0.7623186150103505,webtable-la2m_nopca-v=2-distilroberta-dj_adpt~mini_l12-dj_adpt,freyja,2
pte_nitro.pq::Arg0,1.0,0.03125,1.0,0.03125,1.0,1.0,0.03125,1.0,0.15625,1.0,0.15625,1.0,1.0,0.15625,1.0,0.3125,1.0,0.3125,1.0,1.0,0.3125,1.0,0.46875,1.0,0.46875,1.0,1.0,0.46875,1.0,0.625,1.0,0.625,1.0,1.0,0.625,1.0,0.78125,1.0,0.78125,1.0,1.0,0.78125,0.9666666666666667,0.90625,1.0,0.9375,1.0,1.0,0.90625,0.8285714285714286,0.90625,0.9142857142857143,1.0,1.0,1.0,0.90625,0.725,0.90625,0.8,1.0,1.0,1.0,0.90625,0.6444444444444445,0.90625,0.7111111111111111,1.0,1.0,1.0,0.90625,0.58,0.90625,0.64,1.0,1.0,1.0,0.90625,webtable-la2m_nopca-v=2-distilroberta-dj_adpt~mini_l12-dj_adpt,freyja,2
pte_sulfide.pq::Arg0,0.0,0.0,1.0,0.03125,0.0,0.0,0.0,0.6,0.09375,1.0,0.15625,1.0,0.5,0.05520833333333333,0.6,0.1875,1.0,0.3125,1.0,0.5,0.10694444444444444,0.6666666666666666,0.3125,1.0,0.46875,1.0,0.5,0.1853269993894994,0.75,0.46875,1.0,0.625,1.0,0.5,0.29790345815282926,0.76,0.59375,1.0,0.78125,1.0,0.5,0.3940672309742108,0.8,0.75,1.0,0.9375,1.0,0.5,0.51674930225542,0.7714285714285715,0.84375,0.9142857142857143,1.0,1.0,0.5,0.589891719733775,0.7,0.875,0.8,1.0,1.0,0.5,0.6117667197337749,0.6222222222222222,0.875,0.7111111111111111,1.0,1.0,0.5,0.6117667197337749,0.56,0.875,0.64,1.0,1.0,0.5,0.6117667197337749,webtable-la2m_nopca-v=2-distilroberta-dj_adpt~mini_l12-dj_adpt,freyja,2
pte_non_ar_hetero_6_ring.pq::Arg0,1.0,0.03125,1.0,0.03125,1.0,1.0,0.03125,1.0,0.15625,1.0,0.15625,1.0,1.0,0.15625,1.0,0.3125,1.0,0.3125,1.0,1.0,0.3125,1.0,0.46875,1.0,0.46875,1.0,1.0,0.46875,1.0,0.625,1.0,0.625,1.0,1.0,0.625,1.0,0.78125,1.0,0.78125,1.0,1.0,0.78125,0.9666666666666667,0.90625,1.0,0.9375,1.0,1.0,0.90625,0.8285714285714286,0.90625,0.9142857142857143,1.0,1.0,1.0,0.90625,0.725,0.90625,0.8,1.0,1.0,1.0,0.90625,0.6444444444444445,0.90625,0.7111111111111111,1.0,1.0,1.0,0.90625,0.58,0.90625,0.64,1.0,1.0,1.0,0.90625,webtable-la2m_nopca-v=2-distilroberta-dj_adpt~mini_l12-dj_adpt,freyja,2
Word_University_Rank_2020.pq::Country,1.0,0.03333333333333333,1.0,0.03333333333333333,1.0,1.0,0.03333333333333333,1.0,0.16666666666666666,1.0,0.16666666666666666,1.0,1.0,0.16666666666666666,1.0,0.3333333333333333,1.0,0.3333333333333333,1.0,1.0,0.3333333333333333,0.7333333333333333,0.36666666666666664,1.0,0.5,1.0,1.0,0.36666666666666664,0.6,0.4,1.0,0.6666666666666666,1.0,1.0,0.3888888888888889,0.52,0.43333333333333335,1.0,0.8333333333333334,1.0,1.0,0.40694444444444444,0.5333333333333333,0.5333333333333333,1.0,1.0,1.0,1.0,0.4604763425165724,0.5428571428571428,0.6333333333333333,0.8571428571428571,1.0,1.0,1.0,0.5155651815712559,0.6,0.8,0.75,1.0,1.0,1.0,0.611958984280848,0.5555555555555556,0.8333333333333334,0.6666666666666666,1.0,1.0,1.0,0.6313388292420883,0.5,0.8333333333333334,0.6,1.0,1.0,1.0,0.6313388292420883,webtable-la2m_nopca-v=2-distilroberta-dj_adpt~mini_l12-dj_adpt,freyja,2
gender_development.pq::Country,1.0,0.03333333333333333,1.0,0.03333333333333333,1.0,1.0,0.03333333333333333,1.0,0.16666666666666666,1.0,0.16666666666666666,1.0,1.0,0.16666666666666666,0.9,0.3,1.0,0.3333333333333333,1.0,1.0,0.2966666666666667,0.6,0.3,1.0,0.5,1.0,1.0,0.2966666666666667,0.45,0.3,1.0,0.6666666666666666,1.0,1.0,0.2966666666666667,0.44,0.36666666666666664,1.0,0.8333333333333334,1.0,1.0,0.3264848484848485,0.4666666666666667,0.4666666666666667,1.0,1.0,1.0,1.0,0.3740108006085017,0.42857142857142855,0.5,0.8571428571428571,1.0,1.0,1.0,0.3896358006085017,0.375,0.5,0.75,1.0,1.0,1.0,0.3896358006085017,0.35555555555555557,0.5333333333333333,0.6666666666666666,1.0,1.0,1.0,0.4020389013836956,0.34,0.5666666666666667,0.6,1.0,1.0,1.0,0.41435774196340575,webtable-la2m_nopca-v=2-distilroberta-dj_adpt~mini_l12-dj_adpt,freyja,2
pte_testactive_Neg.pq::Arg0,1.0,0.03125,1.0,0.03125,1.0,1.0,0.03125,0.8,0.125,1.0,0.15625,1.0,1.0,0.11875,0.9,0.28125,1.0,0.3125,1.0,1.0,0.25482390873015875,0.8666666666666667,0.40625,1.0,0.46875,1.0,1.0,0.36974284396159396,0.9,0.5625,1.0,0.625,1.0,1.0,0.5085234274669259,0.8,0.625,1.0,0.78125,1.0,1.0,0.560380311524897,0.8,0.75,1.0,0.9375,1.0,1.0,0.6590239212676446,0.7428571428571429,0.8125,0.9142857142857143,1.0,1.0,1.0,0.7074398198851561,0.7,0.875,0.8,1.0,1.0,1.0,0.7532701897286839,0.6222222222222222,0.875,0.7111111111111111,1.0,1.0,1.0,0.7532701897286839,0.56,0.875,0.64,1.0,1.0,1.0,0.7532701897286839,webtable-la2m_nopca-v=2-distilroberta-dj_adpt~mini_l12-dj_adpt,freyja,2
edu.pq::country,1.0,0.03333333333333333,1.0,0.03333333333333333,1.0,1.0,0.03333333333333333,1.0,0.16666666666666666,1.0,0.16666666666666666,1.0,1.0,0.16666666666666666,0.9,0.3,1.0,0.3333333333333333,1.0,1.0,0.3,0.6666666666666666,0.3333333333333333,1.0,0.5,1.0,1.0,0.33030303030303027,0.5,0.3333333333333333,1.0,0.6666666666666666,1.0,1.0,0.33030303030303027,0.44,0.36666666666666664,1.0,0.8333333333333334,1.0,1.0,0.34696969696969693,0.5,0.5,1.0,1.0,1.0,1.0,0.4117370284036951,0.45714285714285713,0.5333333333333333,0.8571428571428571,1.0,1.0,1.0,0.427423302913499,0.4,0.5333333333333333,0.75,1.0,1.0,1.0,0.427423302913499,0.37777777777777777,0.5666666666666667,0.6666666666666666,1.0,1.0,1.0,0.4403020907922868,0.36,0.6,0.6,1.0,1.0,1.0,0.4533455690531564,webtable-la2m_nopca-v=2-distilroberta-dj_adpt~mini_l12-dj_adpt,freyja,2
AdventureWorks2014_CountryRegion.pq::Name,1.0,0.03333333333333333,1.0,0.03333333333333333,1.0,1.0,0.03333333333333333,1.0,0.16666666666666666,1.0,0.16666666666666666,1.0,1.0,0.16666666666666666,0.9,0.3,1.0,0.3333333333333333,1.0,1.0,0.28879629629629633,0.8,0.4,1.0,0.5,1.0,1.0,0.37587588337588335,0.85,0.5666666666666667,1.0,0.6666666666666666,1.0,1.0,0.5145914836510811,0.88,0.7333333333333333,1.0,0.8333333333333334,1.0,1.0,0.6594362982567653,0.7666666666666667,0.7666666666666667,1.0,1.0,1.0,1.0,0.6849918538123209,0.6571428571428571,0.7666666666666667,0.8571428571428571,1.0,1.0,1.0,0.6849918538123209,0.575,0.7666666666666667,0.75,1.0,1.0,1.0,0.6849918538123209,0.5111111111111111,0.7666666666666667,0.6666666666666666,1.0,1.0,1.0,0.6849918538123209,0.5,0.8333333333333334,0.6,1.0,1.0,1.0,0.719019933129154,webtable-la2m_nopca-v=2-distilroberta-dj_adpt~mini_l12-dj_adpt,freyja,2
pte_methoxy.pq::Arg0,1.0,0.03125,1.0,0.03125,1.0,1.0,0.03125,1.0,0.15625,1.0,0.15625,1.0,1.0,0.15625,1.0,0.3125,1.0,0.3125,1.0,1.0,0.3125,1.0,0.46875,1.0,0.46875,1.0,1.0,0.46875,1.0,0.625,1.0,0.625,1.0,1.0,0.625,1.0,0.78125,1.0,0.78125,1.0,1.0,0.78125,0.9666666666666667,0.90625,1.0,0.9375,1.0,1.0,0.90625,0.8285714285714286,0.90625,0.9142857142857143,1.0,1.0,1.0,0.90625,0.725,0.90625,0.8,1.0,1.0,1.0,0.90625,0.6444444444444445,0.90625,0.7111111111111111,1.0,1.0,1.0,0.90625,0.58,0.90625,0.64,1.0,1.0,1.0,0.90625,webtable-la2m_nopca-v=2-distilroberta-dj_adpt~mini_l12-dj_adpt,freyja,2
world-cities.pq::country,1.0,0.03333333333333333,1.0,0.03333333333333333,1.0,1.0,0.03333333333333333,1.0,0.16666666666666666,1.0,0.16666666666666666,1.0,1.0,0.16666666666666666,1.0,0.3333333333333333,1.0,0.3333333333333333,1.0,1.0,0.3333333333333333,1.0,0.5,1.0,0.5,1.0,1.0,0.5,1.0,0.6666666666666666,1.0,0.6666666666666666,1.0,1.0,0.6666666666666666,0.88,0.7333333333333333,1.0,0.8333333333333334,1.0,1.0,0.7333333333333333,0.7333333333333333,0.7333333333333333,1.0,1.0,1.0,1.0,0.7333333333333333,0.6571428571428571,0.7666666666666667,0.8571428571428571,1.0,1.0,1.0,0.7572916666666667,0.575,0.7666666666666667,0.75,1.0,1.0,1.0,0.7572916666666667,0.5777777777777777,0.8666666666666667,0.6666666666666666,1.0,1.0,1.0,0.8159043908891469,0.52,0.8666666666666667,0.6,1.0,1.0,1.0,0.8159043908891469,webtable-la2m_nopca-v=2-distilroberta-dj_adpt~mini_l12-dj_adpt,freyja,2
movies.pq::country,1.0,0.03333333333333333,1.0,0.03333333333333333,1.0,1.0,0.03333333333333333,1.0,0.16666666666666666,1.0,0.16666666666666666,1.0,1.0,0.16666666666666666,0.9,0.3,1.0,0.3333333333333333,1.0,1.0,0.2966666666666667,0.6,0.3,1.0,0.5,1.0,1.0,0.2966666666666667,0.45,0.3,1.0,0.6666666666666666,1.0,1.0,0.2966666666666667,0.44,0.36666666666666664,1.0,0.8333333333333334,1.0,1.0,0.3272063492063492,0.4666666666666667,0.4666666666666667,1.0,1.0,1.0,1.0,0.37473230133000246,0.42857142857142855,0.5,0.8571428571428571,1.0,1.0,1.0,0.39035730133000246,0.375,0.5,0.75,1.0,1.0,1.0,0.39035730133000246,0.37777777777777777,0.5666666666666667,0.6666666666666666,1.0,1.0,1.0,0.41535299469778886,0.36,0.6,0.6,1.0,1.0,1.0,0.4281189521445974,webtable-la2m_nopca-v=2-distilroberta-dj_adpt~mini_l12-dj_adpt,freyja,2
countries_data.pq::CountryName,1.0,0.03333333333333333,1.0,0.03333333333333333,1.0,1.0,0.03333333333333333,1.0,0.16666666666666666,1.0,0.16666666666666666,1.0,1.0,0.16666666666666666,1.0,0.3333333333333333,1.0,0.3333333333333333,1.0,1.0,0.3333333333333333,1.0,0.5,1.0,0.5,1.0,1.0,0.5,1.0,0.6666666666666666,1.0,0.6666666666666666,1.0,1.0,0.6666666666666666,0.88,0.7333333333333333,1.0,0.8333333333333334,1.0,1.0,0.7318840579710144,0.7333333333333333,0.7333333333333333,1.0,1.0,1.0,1.0,0.7318840579710144,0.6571428571428571,0.7666666666666667,0.8571428571428571,1.0,1.0,1.0,0.7544330775788576,0.6,0.8,0.75,1.0,1.0,1.0,0.7766552998010798,0.5555555555555556,0.8333333333333334,0.6666666666666666,1.0,1.0,1.0,0.7960351447623201,0.5,0.8333333333333334,0.6,1.0,1.0,1.0,0.7960351447623201,webtable-la2m_nopca-v=2-distilroberta-dj_adpt~mini_l12-dj_adpt,freyja,2
pte_alcohol.pq::Arg0,0.0,0.0,1.0,0.03125,0.0,0.0,0.0,0.0,0.0,1.0,0.15625,0.0,0.0,0.0,0.0,0.0,1.0,0.3125,0.0,0.0,0.0,0.0,0.0,1.0,0.46875,0.0,0.0,0.0,0.0,0.0,1.0,0.625,0.0,0.0,0.0,0.0,0.0,1.0,0.78125,0.0,0.0,0.0,0.0,0.0,1.0,0.9375,0.0,0.0,0.0,0.0,0.0,0.9142857142857143,1.0,0.0,0.0,0.0,0.0,0.0,0.8,1.0,0.0,0.0,0.0,0.0,0.0,0.7111111111111111,1.0,0.0,0.0,0.0,0.0,0.0,0.64,1.0,0.0,0.0,0.0,webtable-la2m_nopca-v=2-distilroberta-dj_adpt~mini_l12-dj_adpt,freyja,2
pte_phenol.pq::Arg0,0.0,0.0,1.0,0.03125,0.0,0.0,0.0,0.8,0.125,1.0,0.15625,1.0,0.5,0.08489583333333334,0.8,0.25,1.0,0.3125,1.0,0.5,0.17996031746031746,0.8666666666666667,0.40625,1.0,0.46875,1.0,0.5,0.31188152125652124,0.85,0.53125,1.0,0.625,1.0,0.5,0.42253710476185324,0.8,0.625,1.0,0.78125,1.0,0.5,0.5001380364388719,0.8,0.75,1.0,0.9375,1.0,0.5,0.6015110268743623,0.8,0.875,0.9142857142857143,1.0,1.0,0.5,0.7011500283693884,0.7,0.875,0.8,1.0,1.0,0.5,0.7011500283693884,0.6444444444444445,0.90625,0.7111111111111111,1.0,1.0,0.5,0.7217466192784794,0.58,0.90625,0.64,1.0,1.0,0.5,0.7217466192784794,webtable-la2m_nopca-v=2-distilroberta-dj_adpt~mini_l12-dj_adpt,freyja,2
pte_ester.pq::Arg0,1.0,0.03125,1.0,0.03125,1.0,1.0,0.03125,1.0,0.15625,1.0,0.15625,1.0,1.0,0.15625,1.0,0.3125,1.0,0.3125,1.0,1.0,0.3125,1.0,0.46875,1.0,0.46875,1.0,1.0,0.46875,1.0,0.625,1.0,0.625,1.0,1.0,0.625,1.0,0.78125,1.0,0.78125,1.0,1.0,0.78125,0.9666666666666667,0.90625,1.0,0.9375,1.0,1.0,0.90625,0.8285714285714286,0.90625,0.9142857142857143,1.0,1.0,1.0,0.90625,0.725,0.90625,0.8,1.0,1.0,1.0,0.90625,0.6444444444444445,0.90625,0.7111111111111111,1.0,1.0,1.0,0.90625,0.58,0.90625,0.64,1.0,1.0,1.0,0.90625,webtable-la2m_nopca-v=2-distilroberta-dj_adpt~mini_l12-dj_adpt,freyja,2
pte_non_ar_hetero_5_ring.pq::Arg0,1.0,0.03125,1.0,0.03125,1.0,1.0,0.03125,0.8,0.125,1.0,0.15625,1.0,1.0,0.10052083333333334,0.9,0.28125,1.0,0.3125,1.0,1.0,0.23659474206349207,0.8666666666666667,0.40625,1.0,0.46875,1.0,1.0,0.3475187139249639,0.9,0.5625,1.0,0.625,1.0,1.0,0.4862992974302959,0.84,0.65625,1.0,0.78125,1.0,1.0,0.5655796004605989,0.8,0.75,1.0,0.9375,1.0,1.0,0.6426915510100495,0.7714285714285715,0.84375,0.9142857142857143,1.0,1.0,1.0,0.7188519707314571,0.7,0.875,0.8,1.0,1.0,1.0,0.7431575262870126,0.6444444444444445,0.90625,0.7111111111111111,1.0,1.0,1.0,0.7637541171961035,0.58,0.90625,0.64,1.0,1.0,1.0,0.7637541171961035,webtable-la2m_nopca-v=2-distilroberta-dj_adpt~mini_l12-dj_adpt,freyja,2
population_by_country_2020.pq::CountryDependency,1.0,0.03333333333333333,1.0,0.03333333333333333,1.0,1.0,0.03333333333333333,1.0,0.16666666666666666,1.0,0.16666666666666666,1.0,1.0,0.16666666666666666,0.9,0.3,1.0,0.3333333333333333,1.0,1.0,0.3,0.6,0.3,1.0,0.5,1.0,1.0,0.3,0.45,0.3,1.0,0.6666666666666666,1.0,1.0,0.3,0.44,0.36666666666666664,1.0,0.8333333333333334,1.0,1.0,0.32981818181818184,0.4666666666666667,0.4666666666666667,1.0,1.0,1.0,1.0,0.3779188465855132,0.42857142857142855,0.5,0.8571428571428571,1.0,1.0,1.0,0.3935438465855132,0.375,0.5,0.75,1.0,1.0,1.0,0.3935438465855132,0.37777777777777777,0.5666666666666667,0.6666666666666666,1.0,1.0,1.0,0.41882573523949496,0.36,0.6,0.6,1.0,1.0,1.0,0.4318692135003645,webtable-la2m_nopca-v=2-distilroberta-dj_adpt~mini_l12-dj_adpt,freyja,2
pte_non_ar_5c_ring.pq::Arg0,0.0,0.0,1.0,0.03125,0.0,0.0,0.0,0.0,0.0,1.0,0.15625,0.0,0.0,0.0,0.1,0.03125,1.0,0.3125,1.0,0.125,0.00390625,0.06666666666666667,0.03125,1.0,0.46875,1.0,0.125,0.00390625,0.05,0.03125,1.0,0.625,1.0,0.125,0.00390625,0.04,0.03125,1.0,0.78125,1.0,0.125,0.00390625,0.03333333333333333,0.03125,1.0,0.9375,1.0,0.125,0.00390625,0.02857142857142857,0.03125,0.9142857142857143,1.0,1.0,0.125,0.00390625,0.05,0.0625,0.8,1.0,1.0,0.125,0.005550986842105263,0.06666666666666667,0.09375,0.7111111111111111,1.0,1.0,0.125,0.007681668660287081,0.1,0.15625,0.64,1.0,1.0,0.125,0.013524059964634908,webtable-la2m_nopca-v=2-distilroberta-dj_adpt~mini_l12-dj_adpt,freyja,2
fifa_ranking.pq::country_full,1.0,0.03333333333333333,1.0,0.03333333333333333,1.0,1.0,0.03333333333333333,1.0,0.16666666666666666,1.0,0.16666666666666666,1.0,1.0,0.16666666666666666,0.9,0.3,1.0,0.3333333333333333,1.0,1.0,0.2966666666666667,0.6,0.3,1.0,0.5,1.0,1.0,0.2966666666666667,0.5,0.3333333333333333,1.0,0.6666666666666666,1.0,1.0,0.31333333333333335,0.52,0.43333333333333335,1.0,0.8333333333333334,1.0,1.0,0.36327536231884056,0.5,0.5,1.0,1.0,1.0,1.0,0.3972259796027912,0.42857142857142855,0.5,0.8571428571428571,1.0,1.0,1.0,0.3972259796027912,0.375,0.5,0.75,1.0,1.0,1.0,0.3972259796027912,0.4,0.6,0.6666666666666666,1.0,1.0,1.0,0.4376796615482485,0.36,0.6,0.6,1.0,1.0,1.0,0.4376796615482485,webtable-la2m_nopca-v=2-distilroberta-dj_adpt~mini_l12-dj_adpt,freyja,2
countries_of_the_world.pq::Country,1.0,0.03333333333333333,1.0,0.03333333333333333,1.0,1.0,0.03333333333333333,1.0,0.16666666666666666,1.0,0.16666666666666666,1.0,1.0,0.16666666666666666,0.9,0.3,1.0,0.3333333333333333,1.0,1.0,0.292962962962963,0.9333333333333333,0.4666666666666667,1.0,0.5,1.0,1.0,0.4466542716542717,0.95,0.6333333333333333,1.0,0.6666666666666666,1.0,1.0,0.6040039161904487,0.88,0.7333333333333333,1.0,0.8333333333333334,1.0,1.0,0.6994521877256769,0.7333333333333333,0.7333333333333333,1.0,1.0,1.0,1.0,0.6994521877256769,0.6571428571428571,0.7666666666666667,0.8571428571428571,1.0,1.0,1.0,0.7241833705213757,0.575,0.7666666666666667,0.75,1.0,1.0,1.0,0.7241833705213757,0.5555555555555556,0.8333333333333334,0.6666666666666666,1.0,1.0,1.0,0.7617274156235604,0.52,0.8666666666666667,0.6,1.0,1.0,1.0,0.7790607489568937,webtable-la2m_nopca-v=2-distilroberta-dj_adpt~mini_l12-dj_adpt,freyja,2
pte_ketone.pq::Arg0,1.0,0.03125,1.0,0.03125,1.0,1.0,0.03125,1.0,0.15625,1.0,0.15625,1.0,1.0,0.15625,1.0,0.3125,1.0,0.3125,1.0,1.0,0.3125,1.0,0.46875,1.0,0.46875,1.0,1.0,0.46875,1.0,0.625,1.0,0.625,1.0,1.0,0.625,1.0,0.78125,1.0,0.78125,1.0,1.0,0.78125,0.9666666666666667,0.90625,1.0,0.9375,1.0,1.0,0.90625,0.8285714285714286,0.90625,0.9142857142857143,1.0,1.0,1.0,0.90625,0.725,0.90625,0.8,1.0,1.0,1.0,0.90625,0.6444444444444445,0.90625,0.7111111111111111,1.0,1.0,1.0,0.90625,0.58,0.90625,0.64,1.0,1.0,1.0,0.90625,webtable-la2m_nopca-v=2-distilroberta-dj_adpt~mini_l12-dj_adpt,freyja,2
who_suicide_statistics.pq::country,1.0,0.03333333333333333,1.0,0.03333333333333333,1.0,1.0,0.03333333333333333,1.0,0.16666666666666666,1.0,0.16666666666666666,1.0,1.0,0.16666666666666666,1.0,0.3333333333333333,1.0,0.3333333333333333,1.0,1.0,0.3333333333333333,1.0,0.5,1.0,0.5,1.0,1.0,0.5,1.0,0.6666666666666666,1.0,0.6666666666666666,1.0,1.0,0.6666666666666666,0.88,0.7333333333333333,1.0,0.8333333333333334,1.0,1.0,0.7333333333333333,0.7333333333333333,0.7333333333333333,1.0,1.0,1.0,1.0,0.7333333333333333,0.6571428571428571,0.7666666666666667,0.8571428571428571,1.0,1.0,1.0,0.7565656565656566,0.575,0.7666666666666667,0.75,1.0,1.0,1.0,0.7565656565656566,0.5555555555555556,0.8333333333333334,0.6666666666666666,1.0,1.0,1.0,0.7949931205745159,0.52,0.8666666666666667,0.6,1.0,1.0,1.0,0.8134328368865726,webtable-la2m_nopca-v=2-distilroberta-dj_adpt~mini_l12-dj_adpt,freyja,2
UKDebate.pq::country,0.0,0.0,1.0,0.03333333333333333,0.0,0.0,0.0,0.4,0.06666666666666667,1.0,0.16666666666666666,1.0,0.25,0.021666666666666667,0.7,0.23333333333333334,1.0,0.3333333333333333,1.0,0.25,0.12376984126984127,0.6,0.3,1.0,0.5,1.0,0.25,0.1730122655122655,0.5,0.3333333333333333,1.0,0.6666666666666666,1.0,0.25,0.1905561251613883,0.44,0.36666666666666664,1.0,0.8333333333333334,1.0,0.25,0.2058339029391661,0.43333333333333335,0.43333333333333335,1.0,1.0,1.0,0.25,0.23566296276822593,0.4,0.4666666666666667,0.8571428571428571,1.0,1.0,0.25,0.25071672620908614,0.35,0.4666666666666667,0.75,1.0,1.0,0.25,0.25071672620908614,0.35555555555555557,0.5333333333333333,0.6666666666666666,1.0,1.0,0.25,0.27502458888904185,0.34,0.5666666666666667,0.6,1.0,1.0,0.25,0.286589214739382,webtable-la2m_nopca-v=2-distilroberta-dj_adpt~mini_l12-dj_adpt,freyja,2
World_countries_env_vars.pq::Country,1.0,0.03333333333333333,1.0,0.03333333333333333,1.0,1.0,0.03333333333333333,1.0,0.16666666666666666,1.0,0.16666666666666666,1.0,1.0,0.16666666666666666,1.0,0.3333333333333333,1.0,0.3333333333333333,1.0,1.0,0.3333333333333333,1.0,0.5,1.0,0.5,1.0,1.0,0.5,1.0,0.6666666666666666,1.0,0.6666666666666666,1.0,1.0,0.6666666666666666,0.88,0.7333333333333333,1.0,0.8333333333333334,1.0,1.0,0.7318840579710144,0.7333333333333333,0.7333333333333333,1.0,1.0,1.0,1.0,0.7318840579710144,0.6571428571428571,0.7666666666666667,0.8571428571428571,1.0,1.0,1.0,0.7537888198757764,0.575,0.7666666666666667,0.75,1.0,1.0,1.0,0.7537888198757764,0.5555555555555556,0.8333333333333334,0.6666666666666666,1.0,1.0,1.0,0.7922162838846358,0.52,0.8666666666666667,0.6,1.0,1.0,1.0,0.8110568635947807,webtable-la2m_nopca-v=2-distilroberta-dj_adpt~mini_l12-dj_adpt,freyja,2
USA_cars_datasets.pq::country,0.0,0.0,1.0,0.03333333333333333,0.0,0.0,0.0,0.4,0.06666666666666667,1.0,0.16666666666666666,1.0,0.25,0.021666666666666667,0.7,0.23333333333333334,1.0,0.3333333333333333,1.0,0.25,0.12376984126984127,0.6,0.3,1.0,0.5,1.0,0.25,0.1730122655122655,0.5,0.3333333333333333,1.0,0.6666666666666666,1.0,0.25,0.19153078403078402,0.44,0.36666666666666664,1.0,0.8333333333333334,1.0,0.25,0.20747281301629128,0.43333333333333335,0.43333333333333335,1.0,1.0,1.0,0.25,0.2373018728453511,0.4,0.4666666666666667,0.8571428571428571,1.0,1.0,0.25,0.2523556362862113,0.375,0.5,0.75,1.0,1.0,0.25,0.2655135310230534,0.35555555555555557,0.5333333333333333,0.6666666666666666,1.0,1.0,0.25,0.2773653828749053,0.34,0.5666666666666667,0.6,1.0,1.0,0.25,0.28942212046355775,webtable-la2m_nopca-v=2-distilroberta-dj_adpt~mini_l12-dj_adpt,freyja,2
netflix_titles.pq::country,1.0,0.03333333333333333,1.0,0.03333333333333333,1.0,1.0,0.03333333333333333,1.0,0.16666666666666666,1.0,0.16666666666666666,1.0,1.0,0.16666666666666666,1.0,0.3333333333333333,1.0,0.3333333333333333,1.0,1.0,0.3333333333333333,1.0,0.5,1.0,0.5,1.0,1.0,0.5,0.95,0.6333333333333333,1.0,0.6666666666666666,1.0,1.0,0.6333333333333333,0.76,0.6333333333333333,1.0,0.8333333333333334,1.0,1.0,0.6333333333333333,0.6666666666666666,0.6666666666666666,1.0,1.0,1.0,1.0,0.658974358974359,0.6,0.7,0.8571428571428571,1.0,1.0,1.0,0.6815550041356493,0.575,0.7666666666666667,0.75,1.0,1.0,1.0,0.7210329436135887,0.5555555555555556,0.8333333333333334,0.6666666666666666,1.0,1.0,1.0,0.7603864085768098,0.52,0.8666666666666667,0.6,1.0,1.0,1.0,0.7792269882869547,webtable-la2m_nopca-v=2-distilroberta-dj_adpt~mini_l12-dj_adpt,freyja,2
pte_ames.pq::Arg0,1.0,0.03125,1.0,0.03125,1.0,1.0,0.03125,1.0,0.15625,1.0,0.15625,1.0,1.0,0.15625,1.0,0.3125,1.0,0.3125,1.0,1.0,0.3125,1.0,0.46875,1.0,0.46875,1.0,1.0,0.46875,1.0,0.625,1.0,0.625,1.0,1.0,0.625,1.0,0.78125,1.0,0.78125,1.0,1.0,0.78125,0.9666666666666667,0.90625,1.0,0.9375,1.0,1.0,0.90625,0.8285714285714286,0.90625,0.9142857142857143,1.0,1.0,1.0,0.90625,0.725,0.90625,0.8,1.0,1.0,1.0,0.90625,0.6444444444444445,0.90625,0.7111111111111111,1.0,1.0,1.0,0.90625,0.58,0.90625,0.64,1.0,1.0,1.0,0.90625,webtable-la2m_nopca-v=2-distilroberta-dj_adpt~mini_l12-dj_adpt,freyja,2
movie_metadata.pq::country,1.0,0.03333333333333333,1.0,0.03333333333333333,1.0,1.0,0.03333333333333333,1.0,0.16666666666666666,1.0,0.16666666666666666,1.0,1.0,0.16666666666666666,1.0,0.3333333333333333,1.0,0.3333333333333333,1.0,1.0,0.3333333333333333,0.7333333333333333,0.36666666666666664,1.0,0.5,1.0,1.0,0.36666666666666664,0.55,0.36666666666666664,1.0,0.6666666666666666,1.0,1.0,0.36666666666666664,0.52,0.43333333333333335,1.0,0.8333333333333334,1.0,1.0,0.4021818181818182,0.5333333333333333,0.5333333333333333,1.0,1.0,1.0,1.0,0.45386764193660745,0.5428571428571428,0.6333333333333333,0.8571428571428571,1.0,1.0,1.0,0.5095246628094727,0.6,0.8,0.75,1.0,1.0,1.0,0.6059184655190648,0.5555555555555556,0.8333333333333334,0.6666666666666666,1.0,1.0,1.0,0.6248578594584588,0.52,0.8666666666666667,0.6,1.0,1.0,1.0,0.6425449342883909,webtable-la2m_nopca-v=2-distilroberta-dj_adpt~mini_l12-dj_adpt,freyja,2
world_country.pq::LocalName,0.0,0.0,1.0,0.034482758620689655,0.0,0.0,0.0,0.2,0.034482758620689655,1.0,0.1724137931034483,1.0,0.25,0.008620689655172414,0.5,0.1724137931034483,1.0,0.3448275862068966,1.0,0.25,0.07129173508483852,0.6,0.3103448275862069,1.0,0.5172413793103449,1.0,0.25,0.15212526936664866,0.5,0.3448275862068966,1.0,0.6896551724137931,1.0,0.25,0.17027408969332744,0.48,0.41379310344827586,1.0,0.8620689655172413,1.0,0.25,0.20550647350142337,0.43333333333333335,0.4482758620689655,0.9666666666666667,1.0,1.0,0.25,0.2227478528117682,0.37142857142857144,0.4482758620689655,0.8285714285714286,1.0,1.0,0.25,0.2227478528117682,0.375,0.5172413793103449,0.725,1.0,1.0,0.25,0.24871462650993936,0.3333333333333333,0.5172413793103449,0.6444444444444445,1.0,1.0,0.25,0.24871462650993936,0.32,0.5517241379310345,0.58,1.0,1.0,0.25,0.2599743027942462,webtable-la2m_nopca-v=2-distilroberta-dj_adpt~mini_l12-dj_adpt,freyja,2
countries_metadatacountries.pq::CountryName,1.0,0.03333333333333333,1.0,0.03333333333333333,1.0,1.0,0.03333333333333333,1.0,0.16666666666666666,1.0,0.16666666666666666,1.0,1.0,0.16666666666666666,1.0,0.3333333333333333,1.0,0.3333333333333333,1.0,1.0,0.3333333333333333,1.0,0.5,1.0,0.5,1.0,1.0,0.5,1.0,0.6666666666666666,1.0,0.6666666666666666,1.0,1.0,0.6666666666666666,0.88,0.7333333333333333,1.0,0.8333333333333334,1.0,1.0,0.729040404040404,0.7333333333333333,0.7333333333333333,1.0,1.0,1.0,1.0,0.729040404040404,0.6571428571428571,0.7666666666666667,0.8571428571428571,1.0,1.0,1.0,0.753771586836103,0.6,0.8,0.75,1.0,1.0,1.0,0.7742844073489236,0.5555555555555556,0.8333333333333334,0.6666666666666666,1.0,1.0,1.0,0.7941256771901933,0.5,0.8333333333333334,0.6,1.0,1.0,1.0,0.7941256771901933,webtable-la2m_nopca-v=2-distilroberta-dj_adpt~mini_l12-dj_adpt,freyja,2
pte_postestactive_neg.pq::Arg0,1.0,0.03125,1.0,0.03125,1.0,1.0,0.03125,1.0,0.15625,1.0,0.15625,1.0,1.0,0.15625,1.0,0.3125,1.0,0.3125,1.0,1.0,0.3125,1.0,0.46875,1.0,0.46875,1.0,1.0,0.46875,1.0,0.625,1.0,0.625,1.0,1.0,0.625,1.0,0.78125,1.0,0.78125,1.0,1.0,0.78125,0.9666666666666667,0.90625,1.0,0.9375,1.0,1.0,0.90625,0.8285714285714286,0.90625,0.9142857142857143,1.0,1.0,1.0,0.90625,0.725,0.90625,0.8,1.0,1.0,1.0,0.90625,0.6444444444444445,0.90625,0.7111111111111111,1.0,1.0,1.0,0.90625,0.58,0.90625,0.64,1.0,1.0,1.0,0.90625,webtable-la2m_nopca-v=2-distilroberta-dj_adpt~mini_l12-dj_adpt,freyja,2
pte_alkyl_halide.pq::Arg0,0.0,0.0,1.0,0.03125,0.0,0.0,0.0,0.8,0.125,1.0,0.15625,1.0,0.5,0.08489583333333334,0.9,0.28125,1.0,0.3125,1.0,0.5,0.22096974206349207,0.9333333333333333,0.4375,1.0,0.46875,1.0,0.5,0.36505534396159395,0.9,0.5625,1.0,0.625,1.0,0.5,0.4798495099832658,0.88,0.6875,1.0,0.78125,1.0,0.5,0.5901409825505536,0.8333333333333334,0.78125,1.0,0.9375,1.0,0.5,0.6725026462699759,0.7714285714285715,0.84375,0.9142857142857143,1.0,1.0,0.5,0.7227094477405641,0.7,0.875,0.8,1.0,1.0,0.5,0.7451453451764616,0.6444444444444445,0.90625,0.7111111111111111,1.0,1.0,0.5,0.7672490037130469,0.58,0.90625,0.64,1.0,1.0,0.5,0.7672490037130469,webtable-la2m_nopca-v=2-distilroberta-dj_adpt~mini_l12-dj_adpt,freyja,2
pte_testactive.pq::Arg0,1.0,0.03125,1.0,0.03125,1.0,1.0,0.03125,1.0,0.15625,1.0,0.15625,1.0,1.0,0.15625,1.0,0.3125,1.0,0.3125,1.0,1.0,0.3125,1.0,0.46875,1.0,0.46875,1.0,1.0,0.46875,1.0,0.625,1.0,0.625,1.0,1.0,0.625,1.0,0.78125,1.0,0.78125,1.0,1.0,0.78125,0.9666666666666667,0.90625,1.0,0.9375,1.0,1.0,0.90625,0.8285714285714286,0.90625,0.9142857142857143,1.0,1.0,1.0,0.90625,0.725,0.90625,0.8,1.0,1.0,1.0,0.90625,0.6444444444444445,0.90625,0.7111111111111111,1.0,1.0,1.0,0.90625,0.58,0.90625,0.64,1.0,1.0,1.0,0.90625,webtable-la2m_nopca-v=2-distilroberta-dj_adpt~mini_l12-dj_adpt,freyja,2
hfi_cc_2018.pq::countries,1.0,0.03333333333333333,1.0,0.03333333333333333,1.0,1.0,0.03333333333333333,1.0,0.16666666666666666,1.0,0.16666666666666666,1.0,1.0,0.16666666666666666,1.0,0.3333333333333333,1.0,0.3333333333333333,1.0,1.0,0.3333333333333333,1.0,0.5,1.0,0.5,1.0,1.0,0.5,1.0,0.6666666666666666,1.0,0.6666666666666666,1.0,1.0,0.6666666666666666,0.88,0.7333333333333333,1.0,0.8333333333333334,1.0,1.0,0.7333333333333333,0.7333333333333333,0.7333333333333333,1.0,1.0,1.0,1.0,0.7333333333333333,0.6571428571428571,0.7666666666666667,0.8571428571428571,1.0,1.0,1.0,0.7572916666666667,0.6,0.8,0.75,1.0,1.0,1.0,0.7772916666666667,0.5555555555555556,0.8333333333333334,0.6666666666666666,1.0,1.0,1.0,0.7976168699186992,0.52,0.8666666666666667,0.6,1.0,1.0,1.0,0.8160565862307559,webtable-la2m_nopca-v=2-distilroberta-dj_adpt~mini_l12-dj_adpt,freyja,2
wikipedia-iso-country-codes.pq::English_short_name_lower_case,0.0,0.0,1.0,0.03333333333333333,0.0,0.0,0.0,0.0,0.0,1.0,0.16666666666666666,0.0,0.0,0.0,0.0,0.0,1.0,0.3333333333333333,0.0,0.0,0.0,0.06666666666666667,0.03333333333333333,1.0,0.5,1.0,0.09090909090909091,0.0030303030303030303,0.05,0.03333333333333333,1.0,0.6666666666666666,1.0,0.09090909090909091,0.0030303030303030303,0.04,0.03333333333333333,1.0,0.8333333333333334,1.0,0.09090909090909091,0.0030303030303030303,0.03333333333333333,0.03333333333333333,1.0,1.0,1.0,0.09090909090909091,0.0030303030303030303,0.02857142857142857,0.03333333333333333,0.8571428571428571,1.0,1.0,0.09090909090909091,0.0030303030303030303,0.025,0.03333333333333333,0.75,1.0,1.0,0.09090909090909091,0.0030303030303030303,0.022222222222222223,0.03333333333333333,0.6666666666666666,1.0,1.0,0.09090909090909091,0.0030303030303030303,0.02,0.03333333333333333,0.6,1.0,1.0,0.09090909090909091,0.0030303030303030303,webtable-la2m_nopca-v=2-distilroberta-dj_adpt~mini_l12-dj_adpt,freyja,2
affirmative_asylum.pq::ContinentCountryofNationality,1.0,0.03125,1.0,0.03125,1.0,1.0,0.03125,1.0,0.15625,1.0,0.15625,1.0,1.0,0.15625,1.0,0.3125,1.0,0.3125,1.0,1.0,0.3125,1.0,0.46875,1.0,0.46875,1.0,1.0,0.46875,1.0,0.625,1.0,0.625,1.0,1.0,0.625,0.88,0.6875,1.0,0.78125,1.0,1.0,0.6875,0.7666666666666667,0.71875,1.0,0.9375,1.0,1.0,0.7114583333333333,0.6857142857142857,0.75,0.9142857142857143,1.0,1.0,1.0,0.734185606060606,0.6,0.75,0.8,1.0,1.0,1.0,0.734185606060606,0.5777777777777777,0.8125,0.7111111111111111,1.0,1.0,1.0,0.7725857222046246,0.54,0.84375,0.64,1.0,1.0,1.0,0.7894607222046246,webtable-la2m_nopca-v=2-distilroberta-dj_adpt~mini_l12-dj_adpt,freyja,2
countries_and_continents.pq::name,1.0,0.037037037037037035,1.0,0.037037037037037035,1.0,1.0,0.037037037037037035,0.2,0.037037037037037035,1.0,0.18518518518518517,1.0,1.0,0.037037037037037035,0.1,0.037037037037037035,1.0,0.37037037037037035,1.0,1.0,0.037037037037037035,0.06666666666666667,0.037037037037037035,1.0,0.5555555555555556,1.0,1.0,0.037037037037037035,0.05,0.037037037037037035,1.0,0.7407407407407407,1.0,1.0,0.037037037037037035,0.08,0.07407407407407407,1.0,0.9259259259259259,1.0,1.0,0.04,0.06666666666666667,0.07407407407407407,0.9,1.0,1.0,1.0,0.04,0.05714285714285714,0.07407407407407407,0.7714285714285715,1.0,1.0,1.0,0.04,0.05,0.07407407407407407,0.675,1.0,1.0,1.0,0.04,0.044444444444444446,0.07407407407407407,0.6,1.0,1.0,1.0,0.04,0.04,0.07407407407407407,0.54,1.0,1.0,1.0,0.04,webtable-la2m_nopca-v=2-distilroberta-dj_adpt~mini_l12-dj_adpt,freyja,2
pte_postestactive.pq::Arg0,1.0,0.03125,1.0,0.03125,1.0,1.0,0.03125,1.0,0.15625,1.0,0.15625,1.0,1.0,0.15625,1.0,0.3125,1.0,0.3125,1.0,1.0,0.3125,0.9333333333333333,0.4375,1.0,0.46875,1.0,1.0,0.4331845238095238,0.95,0.59375,1.0,0.625,1.0,1.0,0.5806998155621897,0.92,0.71875,1.0,0.78125,1.0,1.0,0.7001304867931327,0.8666666666666667,0.8125,1.0,0.9375,1.0,1.0,0.7848956677328827,0.8,0.875,0.9142857142857143,1.0,1.0,1.0,0.8377780067480342,0.7,0.875,0.8,1.0,1.0,1.0,0.8377780067480342,0.6222222222222222,0.875,0.7111111111111111,1.0,1.0,1.0,0.8377780067480342,0.56,0.875,0.64,1.0,1.0,1.0,0.8377780067480342,webtable-la2m_nopca-v=2-distilroberta-dj_adpt~mini_l12-dj_adpt,freyja,2
pte_five_ring.pq::Arg0,1.0,0.03125,1.0,0.03125,1.0,1.0,0.03125,1.0,0.15625,1.0,0.15625,1.0,1.0,0.15625,1.0,0.3125,1.0,0.3125,1.0,1.0,0.3125,1.0,0.46875,1.0,0.46875,1.0,1.0,0.46875,1.0,0.625,1.0,0.625,1.0,1.0,0.625,1.0,0.78125,1.0,0.78125,1.0,1.0,0.78125,0.9666666666666667,0.90625,1.0,0.9375,1.0,1.0,0.90625,0.8285714285714286,0.90625,0.9142857142857143,1.0,1.0,1.0,0.90625,0.725,0.90625,0.8,1.0,1.0,1.0,0.90625,0.6444444444444445,0.90625,0.7111111111111111,1.0,1.0,1.0,0.90625,0.58,0.90625,0.64,1.0,1.0,1.0,0.90625,webtable-la2m_nopca-v=2-distilroberta-dj_adpt~mini_l12-dj_adpt,freyja,2
MoviesOnStreamingPlatforms_updated.pq::Country,1.0,0.03333333333333333,1.0,0.03333333333333333,1.0,1.0,0.03333333333333333,1.0,0.16666666666666666,1.0,0.16666666666666666,1.0,1.0,0.16666666666666666,1.0,0.3333333333333333,1.0,0.3333333333333333,1.0,1.0,0.3333333333333333,1.0,0.5,1.0,0.5,1.0,1.0,0.5,0.95,0.6333333333333333,1.0,0.6666666666666666,1.0,1.0,0.6333333333333333,0.76,0.6333333333333333,1.0,0.8333333333333334,1.0,1.0,0.6333333333333333,0.7,0.7,1.0,1.0,1.0,1.0,0.6831122900088417,0.6285714285714286,0.7333333333333333,0.8571428571428571,1.0,1.0,1.0,0.7046809174598221,0.575,0.7666666666666667,0.75,1.0,1.0,1.0,0.7238475841264888,0.5333333333333333,0.8,0.6666666666666666,1.0,1.0,1.0,0.7428952031741078,0.52,0.8666666666666667,0.6,1.0,1.0,1.0,0.7783127744579406,webtable-la2m_nopca-v=2-distilroberta-dj_adpt~mini_l12-dj_adpt,freyja,2
pte_amine.pq::Arg0,1.0,0.03125,1.0,0.03125,1.0,1.0,0.03125,1.0,0.15625,1.0,0.15625,1.0,1.0,0.15625,1.0,0.3125,1.0,0.3125,1.0,1.0,0.3125,1.0,0.46875,1.0,0.46875,1.0,1.0,0.46875,1.0,0.625,1.0,0.625,1.0,1.0,0.625,1.0,0.78125,1.0,0.78125,1.0,1.0,0.78125,0.9666666666666667,0.90625,1.0,0.9375,1.0,1.0,0.90625,0.8285714285714286,0.90625,0.9142857142857143,1.0,1.0,1.0,0.90625,0.725,0.90625,0.8,1.0,1.0,1.0,0.90625,0.6444444444444445,0.90625,0.7111111111111111,1.0,1.0,1.0,0.90625,0.58,0.90625,0.64,1.0,1.0,1.0,0.90625,webtable-la2m_nopca-v=2-distilroberta-dj_adpt~mini_l12-dj_adpt,freyja,2
AdventureWorks2014_salesTerritory.pq::Name,0.0,0.0,1.0,0.03333333333333333,0.0,0.0,0.0,0.0,0.0,1.0,0.16666666666666666,0.0,0.0,0.0,0.1,0.03333333333333333,1.0,0.3333333333333333,1.0,0.16666666666666666,0.005555555555555555,0.2,0.1,1.0,0.5,1.0,0.16666666666666666,0.018282828282828283,0.3,0.2,1.0,0.6666666666666666,1.0,0.16666666666666666,0.04489789536229164,0.36,0.3,1.0,0.8333333333333334,1.0,0.16666666666666666,0.08063021859461487,0.4,0.4,1.0,1.0,1.0,0.16666666666666666,0.11987930284369913,0.34285714285714286,0.4,0.8571428571428571,1.0,1.0,0.16666666666666666,0.11987930284369913,0.3,0.4,0.75,1.0,1.0,0.16666666666666666,0.11987930284369913,0.28888888888888886,0.43333333333333335,0.6666666666666666,1.0,1.0,0.16666666666666666,0.13044840853475603,0.28,0.4666666666666667,0.6,1.0,1.0,0.16666666666666666,0.14037748654894042,webtable-la2m_nopca-v=2-distilroberta-dj_adpt~mini_l12-dj_adpt,freyja,2
whr2015.pq::Country,1.0,0.03333333333333333,1.0,0.03333333333333333,1.0,1.0,0.03333333333333333,1.0,0.16666666666666666,1.0,0.16666666666666666,1.0,1.0,0.16666666666666666,0.9,0.3,1.0,0.3333333333333333,1.0,1.0,0.2966666666666667,0.6,0.3,1.0,0.5,1.0,1.0,0.2966666666666667,0.5,0.3333333333333333,1.0,0.6666666666666666,1.0,1.0,0.31333333333333335,0.48,0.4,1.0,0.8333333333333334,1.0,1.0,0.3446111111111111,0.4666666666666667,0.4666666666666667,1.0,1.0,1.0,1.0,0.37856172839506175,0.42857142857142855,0.5,0.8571428571428571,1.0,1.0,1.0,0.39469076065312625,0.375,0.5,0.75,1.0,1.0,1.0,0.39469076065312625,0.4,0.6,0.6666666666666666,1.0,1.0,1.0,0.43360129456366014,0.36,0.6,0.6,1.0,1.0,1.0,0.43360129456366014,webtable-la2m_nopca-v=2-distilroberta-dj_adpt~mini_l12-dj_adpt,freyja,2
countries_and_continents.pq::official_name_fr,1.0,0.037037037037037035,1.0,0.037037037037037035,1.0,1.0,0.037037037037037035,0.8,0.14814814814814814,1.0,0.18518518518518517,1.0,1.0,0.14814814814814814,0.9,0.3333333333333333,1.0,0.37037037037037035,1.0,1.0,0.3094209288653733,0.9333333333333333,0.5185185185185185,1.0,0.5555555555555556,1.0,1.0,0.48018904963349407,0.9,0.6666666666666666,1.0,0.7407407407407407,1.0,1.0,0.619836802821839,0.76,0.7037037037037037,1.0,0.9259259259259259,1.0,1.0,0.651823334808371,0.6333333333333333,0.7037037037037037,0.9,1.0,1.0,1.0,0.651823334808371,0.6,0.7777777777777778,0.7714285714285715,1.0,1.0,1.0,0.6978472999499831,0.525,0.7777777777777778,0.675,1.0,1.0,1.0,0.6978472999499831,0.5111111111111111,0.8518518518518519,0.6,1.0,1.0,1.0,0.7370581608662704,0.46,0.8518518518518519,0.54,1.0,1.0,1.0,0.7370581608662704,webtable-la2m_nopca-v=2-distilroberta-dj_adpt~mini_l12-dj_adpt,freyja,2
pte_has_property.pq::Arg0,1.0,0.03125,1.0,0.03125,1.0,1.0,0.03125,1.0,0.15625,1.0,0.15625,1.0,1.0,0.15625,1.0,0.3125,1.0,0.3125,1.0,1.0,0.3125,1.0,0.46875,1.0,0.46875,1.0,1.0,0.46875,1.0,0.625,1.0,0.625,1.0,1.0,0.625,1.0,0.78125,1.0,0.78125,1.0,1.0,0.78125,0.9666666666666667,0.90625,1.0,0.9375,1.0,1.0,0.90625,0.8285714285714286,0.90625,0.9142857142857143,1.0,1.0,1.0,0.90625,0.725,0.90625,0.8,1.0,1.0,1.0,0.90625,0.6444444444444445,0.90625,0.7111111111111111,1.0,1.0,1.0,0.90625,0.58,0.90625,0.64,1.0,1.0,1.0,0.90625,webtable-la2m_nopca-v=2-distilroberta-dj_adpt~mini_l12-dj_adpt,freyja,2
