query_table,precision@1,recall@1,max_precision@1,max_recall@1,hits@1,mrr@1,ap@1,precision@5,recall@5,max_precision@5,max_recall@5,hits@5,mrr@5,ap@5,precision@10,recall@10,max_precision@10,max_recall@10,hits@10,mrr@10,ap@10,precision@15,recall@15,max_precision@15,max_recall@15,hits@15,mrr@15,ap@15,precision@20,recall@20,max_precision@20,max_recall@20,hits@20,mrr@20,ap@20,precision@25,recall@25,max_precision@25,max_recall@25,hits@25,mrr@25,ap@25,precision@30,recall@30,max_precision@30,max_recall@30,hits@30,mrr@30,ap@30,precision@35,recall@35,max_precision@35,max_recall@35,hits@35,mrr@35,ap@35,precision@40,recall@40,max_precision@40,max_recall@40,hits@40,mrr@40,ap@40,precision@45,recall@45,max_precision@45,max_recall@45,hits@45,mrr@45,ap@45,precision@50,recall@50,max_precision@50,max_recall@50,hits@50,mrr@50,ap@50
animal_tag_data_b.pq,1.0,0.08333333333333333,1.0,0.08333333333333333,1.0,1.0,0.08333333333333333,1.0,0.4166666666666667,1.0,0.4166666666666667,1.0,1.0,0.4166666666666667,1.0,0.8333333333333334,1.0,0.8333333333333334,1.0,1.0,0.8333333333333334,0.8,1.0,0.8,1.0,1.0,1.0,1.0,0.6,1.0,0.6,1.0,1.0,1.0,1.0,0.48,1.0,0.48,1.0,1.0,1.0,1.0,0.4,1.0,0.4,1.0,1.0,1.0,1.0,0.34285714285714286,1.0,0.34285714285714286,1.0,1.0,1.0,1.0,0.3,1.0,0.3,1.0,1.0,1.0,1.0,0.26666666666666666,1.0,0.26666666666666666,1.0,1.0,1.0,1.0,0.24,1.0,0.24,1.0,1.0,1.0,1.0
lane_description_a.pq,1.0,0.0625,1.0,0.0625,1.0,1.0,0.0625,1.0,0.3125,1.0,0.3125,1.0,1.0,0.3125,1.0,0.625,1.0,0.625,1.0,1.0,0.625,0.9333333333333333,0.875,1.0,0.9375,1.0,1.0,0.875,0.75,0.9375,0.8,1.0,1.0,1.0,0.93359375,0.6,0.9375,0.64,1.0,1.0,1.0,0.93359375,0.5,0.9375,0.5333333333333333,1.0,1.0,1.0,0.93359375,0.45714285714285713,1.0,0.45714285714285713,1.0,1.0,1.0,0.965851814516129,0.4,1.0,0.4,1.0,1.0,1.0,0.965851814516129,0.35555555555555557,1.0,0.35555555555555557,1.0,1.0,1.0,0.965851814516129,0.32,1.0,0.32,1.0,1.0,1.0,0.965851814516129
film_locations_in_san_francisco_a.pq,1.0,0.07692307692307693,1.0,0.07692307692307693,1.0,1.0,0.07692307692307693,1.0,0.38461538461538464,1.0,0.38461538461538464,1.0,1.0,0.38461538461538464,1.0,0.7692307692307693,1.0,0.7692307692307693,1.0,1.0,0.7692307692307693,0.8666666666666667,1.0,0.8666666666666667,1.0,1.0,1.0,0.9945054945054945,0.65,1.0,0.65,1.0,1.0,1.0,0.9945054945054945,0.52,1.0,0.52,1.0,1.0,1.0,0.9945054945054945,0.43333333333333335,1.0,0.43333333333333335,1.0,1.0,1.0,0.9945054945054945,0.37142857142857144,1.0,0.37142857142857144,1.0,1.0,1.0,0.9945054945054945,0.325,1.0,0.325,1.0,1.0,1.0,0.9945054945054945,0.28888888888888886,1.0,0.28888888888888886,1.0,1.0,1.0,0.9945054945054945,0.26,1.0,0.26,1.0,1.0,1.0,0.9945054945054945
albums_a.pq,1.0,0.0625,1.0,0.0625,1.0,1.0,0.0625,1.0,0.3125,1.0,0.3125,1.0,1.0,0.3125,1.0,0.625,1.0,0.625,1.0,1.0,0.625,0.9333333333333333,0.875,1.0,0.9375,1.0,1.0,0.8708333333333333,0.8,1.0,0.8,1.0,1.0,1.0,0.9820586622807017,0.64,1.0,0.64,1.0,1.0,1.0,0.9820586622807017,0.5333333333333333,1.0,0.5333333333333333,1.0,1.0,1.0,0.9820586622807017,0.45714285714285713,1.0,0.45714285714285713,1.0,1.0,1.0,0.9820586622807017,0.4,1.0,0.4,1.0,1.0,1.0,0.9820586622807017,0.35555555555555557,1.0,0.35555555555555557,1.0,1.0,1.0,0.9820586622807017,0.32,1.0,0.32,1.0,1.0,1.0,0.9820586622807017
lane_description_b.pq,1.0,0.0625,1.0,0.0625,1.0,1.0,0.0625,0.6,0.1875,1.0,0.3125,1.0,1.0,0.1875,0.3,0.1875,1.0,0.625,1.0,1.0,0.1875,0.2,0.1875,1.0,0.9375,1.0,1.0,0.1875,0.15,0.1875,0.8,1.0,1.0,1.0,0.1875,0.12,0.1875,0.64,1.0,1.0,1.0,0.1875,0.13333333333333333,0.25,0.5333333333333333,1.0,1.0,1.0,0.19642857142857142,0.11428571428571428,0.25,0.45714285714285713,1.0,1.0,1.0,0.19642857142857142,0.1,0.25,0.4,1.0,1.0,1.0,0.19642857142857142,0.1111111111111111,0.3125,0.35555555555555557,1.0,1.0,1.0,0.20405052264808363,0.12,0.375,0.32,1.0,1.0,1.0,0.21202924605233894
data_mill_b.pq,1.0,0.07142857142857142,1.0,0.07142857142857142,1.0,1.0,0.07142857142857142,1.0,0.35714285714285715,1.0,0.35714285714285715,1.0,1.0,0.35714285714285715,1.0,0.7142857142857143,1.0,0.7142857142857143,1.0,1.0,0.7142857142857143,0.9333333333333333,1.0,0.9333333333333333,1.0,1.0,1.0,1.0,0.7,1.0,0.7,1.0,1.0,1.0,1.0,0.56,1.0,0.56,1.0,1.0,1.0,1.0,0.4666666666666667,1.0,0.4666666666666667,1.0,1.0,1.0,1.0,0.4,1.0,0.4,1.0,1.0,1.0,1.0,0.35,1.0,0.35,1.0,1.0,1.0,1.0,0.3111111111111111,1.0,0.3111111111111111,1.0,1.0,1.0,1.0,0.28,1.0,0.28,1.0,1.0,1.0,1.0
animal_tag_data_a.pq,1.0,0.08333333333333333,1.0,0.08333333333333333,1.0,1.0,0.08333333333333333,1.0,0.4166666666666667,1.0,0.4166666666666667,1.0,1.0,0.4166666666666667,1.0,0.8333333333333334,1.0,0.8333333333333334,1.0,1.0,0.8333333333333334,0.8,1.0,0.8,1.0,1.0,1.0,1.0,0.6,1.0,0.6,1.0,1.0,1.0,1.0,0.48,1.0,0.48,1.0,1.0,1.0,1.0,0.4,1.0,0.4,1.0,1.0,1.0,1.0,0.34285714285714286,1.0,0.34285714285714286,1.0,1.0,1.0,1.0,0.3,1.0,0.3,1.0,1.0,1.0,1.0,0.26666666666666666,1.0,0.26666666666666666,1.0,1.0,1.0,1.0,0.24,1.0,0.24,1.0,1.0,1.0,1.0
monthly_data_feed_a.pq,1.0,0.07692307692307693,1.0,0.07692307692307693,1.0,1.0,0.07692307692307693,1.0,0.38461538461538464,1.0,0.38461538461538464,1.0,1.0,0.38461538461538464,1.0,0.7692307692307693,1.0,0.7692307692307693,1.0,1.0,0.7692307692307693,0.6666666666666666,0.7692307692307693,0.8666666666666667,1.0,1.0,1.0,0.7692307692307693,0.5,0.7692307692307693,0.65,1.0,1.0,1.0,0.7692307692307693,0.48,0.9230769230769231,0.52,1.0,1.0,1.0,0.8444816053511706,0.4,0.9230769230769231,0.43333333333333335,1.0,1.0,1.0,0.8444816053511706,0.34285714285714286,0.9230769230769231,0.37142857142857144,1.0,1.0,1.0,0.8444816053511706,0.325,1.0,0.325,1.0,1.0,1.0,0.8694816053511706,0.28888888888888886,1.0,0.28888888888888886,1.0,1.0,1.0,0.8694816053511706,0.26,1.0,0.26,1.0,1.0,1.0,0.8694816053511706
cdc_nutrition_physical_activity_and_obesity_legislation_a.pq,1.0,0.09090909090909091,1.0,0.09090909090909091,1.0,1.0,0.09090909090909091,0.8,0.36363636363636365,1.0,0.45454545454545453,1.0,1.0,0.3227272727272727,0.8,0.7272727272727273,1.0,0.9090909090909091,1.0,1.0,0.6286796536796536,0.6666666666666666,0.9090909090909091,0.7333333333333333,1.0,1.0,1.0,0.7679948839039749,0.5,0.9090909090909091,0.55,1.0,1.0,1.0,0.7679948839039749,0.44,1.0,0.44,1.0,1.0,1.0,0.81147314477354,0.36666666666666664,1.0,0.36666666666666664,1.0,1.0,1.0,0.81147314477354,0.3142857142857143,1.0,0.3142857142857143,1.0,1.0,1.0,0.81147314477354,0.275,1.0,0.275,1.0,1.0,1.0,0.81147314477354,0.24444444444444444,1.0,0.24444444444444444,1.0,1.0,1.0,0.81147314477354,0.22,1.0,0.22,1.0,1.0,1.0,0.81147314477354
new_york_city_restaurant_inspection_results_a.pq,1.0,0.03225806451612903,1.0,0.03225806451612903,1.0,1.0,0.03225806451612903,1.0,0.16129032258064516,1.0,0.16129032258064516,1.0,1.0,0.16129032258064516,0.8,0.25806451612903225,1.0,0.3225806451612903,1.0,1.0,0.25161290322580643,0.8,0.3870967741935484,1.0,0.4838709677419355,1.0,1.0,0.3598326404778018,0.8,0.5161290322580645,1.0,0.6451612903225806,1.0,1.0,0.46388112744474475,0.76,0.6129032258064516,1.0,0.8064516129032258,1.0,1.0,0.5385693844892431,0.7333333333333333,0.7096774193548387,1.0,0.967741935483871,1.0,1.0,0.6121287999841424,0.6857142857142857,0.7741935483870968,0.8857142857142857,1.0,1.0,1.0,0.6602557510767543,0.6,0.7741935483870968,0.775,1.0,1.0,1.0,0.6602557510767543,0.5777777777777777,0.8387096774193549,0.6888888888888889,1.0,1.0,1.0,0.6998945806447734,0.52,0.8387096774193549,0.62,1.0,1.0,1.0,0.6998945806447734
report_card_discipline_for_2015_16_a.pq,1.0,0.09090909090909091,1.0,0.09090909090909091,1.0,1.0,0.09090909090909091,1.0,0.45454545454545453,1.0,0.45454545454545453,1.0,1.0,0.45454545454545453,1.0,0.9090909090909091,1.0,0.9090909090909091,1.0,1.0,0.9090909090909091,0.7333333333333333,1.0,0.7333333333333333,1.0,1.0,1.0,0.9805194805194806,0.55,1.0,0.55,1.0,1.0,1.0,0.9805194805194806,0.44,1.0,0.44,1.0,1.0,1.0,0.9805194805194806,0.36666666666666664,1.0,0.36666666666666664,1.0,1.0,1.0,0.9805194805194806,0.3142857142857143,1.0,0.3142857142857143,1.0,1.0,1.0,0.9805194805194806,0.275,1.0,0.275,1.0,1.0,1.0,0.9805194805194806,0.24444444444444444,1.0,0.24444444444444444,1.0,1.0,1.0,0.9805194805194806,0.22,1.0,0.22,1.0,1.0,1.0,0.9805194805194806
311_calls_historic_data_a.pq,1.0,0.09090909090909091,1.0,0.09090909090909091,1.0,1.0,0.09090909090909091,1.0,0.45454545454545453,1.0,0.45454545454545453,1.0,1.0,0.45454545454545453,1.0,0.9090909090909091,1.0,0.9090909090909091,1.0,1.0,0.9090909090909091,0.7333333333333333,1.0,0.7333333333333333,1.0,1.0,1.0,1.0,0.55,1.0,0.55,1.0,1.0,1.0,1.0,0.44,1.0,0.44,1.0,1.0,1.0,1.0,0.36666666666666664,1.0,0.36666666666666664,1.0,1.0,1.0,1.0,0.3142857142857143,1.0,0.3142857142857143,1.0,1.0,1.0,1.0,0.275,1.0,0.275,1.0,1.0,1.0,1.0,0.24444444444444444,1.0,0.24444444444444444,1.0,1.0,1.0,1.0,0.22,1.0,0.22,1.0,1.0,1.0,1.0
senior_officials_expenses_a.pq,1.0,0.09090909090909091,1.0,0.09090909090909091,1.0,1.0,0.09090909090909091,0.8,0.36363636363636365,1.0,0.45454545454545453,1.0,1.0,0.3227272727272727,0.8,0.7272727272727273,1.0,0.9090909090909091,1.0,1.0,0.6101010101010101,0.6,0.8181818181818182,0.7333333333333333,1.0,1.0,1.0,0.6730380730380731,0.45,0.8181818181818182,0.55,1.0,1.0,1.0,0.6730380730380731,0.36,0.8181818181818182,0.44,1.0,1.0,1.0,0.6730380730380731,0.3,0.8181818181818182,0.36666666666666664,1.0,1.0,1.0,0.6730380730380731,0.2571428571428571,0.8181818181818182,0.3142857142857143,1.0,1.0,1.0,0.6730380730380731,0.25,0.9090909090909091,0.275,1.0,1.0,1.0,0.6976080976080976,0.2222222222222222,0.9090909090909091,0.24444444444444444,1.0,1.0,1.0,0.6976080976080976,0.2,0.9090909090909091,0.22,1.0,1.0,1.0,0.6976080976080976
mines_b.pq,1.0,0.07142857142857142,1.0,0.07142857142857142,1.0,1.0,0.07142857142857142,1.0,0.35714285714285715,1.0,0.35714285714285715,1.0,1.0,0.35714285714285715,0.9,0.6428571428571429,1.0,0.7142857142857143,1.0,1.0,0.6086451247165533,0.7333333333333333,0.7857142857142857,0.9333333333333333,1.0,1.0,1.0,0.7340197500911786,0.6,0.8571428571428571,0.7,1.0,1.0,1.0,0.7844399181584055,0.52,0.9285714285714286,0.56,1.0,1.0,1.0,0.8231303943488817,0.43333333333333335,0.9285714285714286,0.4666666666666667,1.0,1.0,1.0,0.8231303943488817,0.4,1.0,0.4,1.0,1.0,1.0,0.8543803943488817,0.35,1.0,0.35,1.0,1.0,1.0,0.8543803943488817,0.3111111111111111,1.0,0.3111111111111111,1.0,1.0,1.0,0.8543803943488817,0.28,1.0,0.28,1.0,1.0,1.0,0.8543803943488817
complaint_by_practice_b.pq,1.0,0.07692307692307693,1.0,0.07692307692307693,1.0,1.0,0.07692307692307693,1.0,0.38461538461538464,1.0,0.38461538461538464,1.0,1.0,0.38461538461538464,1.0,0.7692307692307693,1.0,0.7692307692307693,1.0,1.0,0.7692307692307693,0.8,0.9230769230769231,0.8666666666666667,1.0,1.0,1.0,0.9171597633136095,0.65,1.0,0.65,1.0,1.0,1.0,0.9697913422609779,0.52,1.0,0.52,1.0,1.0,1.0,0.9697913422609779,0.43333333333333335,1.0,0.43333333333333335,1.0,1.0,1.0,0.9697913422609779,0.37142857142857144,1.0,0.37142857142857144,1.0,1.0,1.0,0.9697913422609779,0.325,1.0,0.325,1.0,1.0,1.0,0.9697913422609779,0.28888888888888886,1.0,0.28888888888888886,1.0,1.0,1.0,0.9697913422609779,0.26,1.0,0.26,1.0,1.0,1.0,0.9697913422609779
workforce_management_information_b.pq,1.0,0.05555555555555555,1.0,0.05555555555555555,1.0,1.0,0.05555555555555555,1.0,0.2777777777777778,1.0,0.2777777777777778,1.0,1.0,0.2777777777777778,1.0,0.5555555555555556,1.0,0.5555555555555556,1.0,1.0,0.5555555555555556,0.8666666666666667,0.7222222222222222,1.0,0.8333333333333334,1.0,1.0,0.7222222222222222,0.8,0.8888888888888888,0.9,1.0,1.0,1.0,0.8537361923326836,0.64,0.8888888888888888,0.72,1.0,1.0,1.0,0.8537361923326836,0.5333333333333333,0.8888888888888888,0.6,1.0,1.0,1.0,0.8537361923326836,0.45714285714285713,0.8888888888888888,0.5142857142857142,1.0,1.0,1.0,0.8537361923326836,0.4,0.8888888888888888,0.45,1.0,1.0,1.0,0.8537361923326836,0.35555555555555557,0.8888888888888888,0.4,1.0,1.0,1.0,0.8537361923326836,0.32,0.8888888888888888,0.36,1.0,1.0,1.0,0.8537361923326836
albums_b.pq,1.0,0.0625,1.0,0.0625,1.0,1.0,0.0625,1.0,0.3125,1.0,0.3125,1.0,1.0,0.3125,1.0,0.625,1.0,0.625,1.0,1.0,0.625,0.9333333333333333,0.875,1.0,0.9375,1.0,1.0,0.875,0.75,0.9375,0.8,1.0,1.0,1.0,0.93359375,0.64,1.0,0.64,1.0,1.0,1.0,0.97359375,0.5333333333333333,1.0,0.5333333333333333,1.0,1.0,1.0,0.97359375,0.45714285714285713,1.0,0.45714285714285713,1.0,1.0,1.0,0.97359375,0.4,1.0,0.4,1.0,1.0,1.0,0.97359375,0.35555555555555557,1.0,0.35555555555555557,1.0,1.0,1.0,0.97359375,0.32,1.0,0.32,1.0,1.0,1.0,0.97359375
purchasing_card_a.pq,1.0,0.07692307692307693,1.0,0.07692307692307693,1.0,1.0,0.07692307692307693,1.0,0.38461538461538464,1.0,0.38461538461538464,1.0,1.0,0.38461538461538464,1.0,0.7692307692307693,1.0,0.7692307692307693,1.0,1.0,0.7692307692307693,0.8666666666666667,1.0,0.8666666666666667,1.0,1.0,1.0,1.0,0.65,1.0,0.65,1.0,1.0,1.0,1.0,0.52,1.0,0.52,1.0,1.0,1.0,1.0,0.43333333333333335,1.0,0.43333333333333335,1.0,1.0,1.0,1.0,0.37142857142857144,1.0,0.37142857142857144,1.0,1.0,1.0,1.0,0.325,1.0,0.325,1.0,1.0,1.0,1.0,0.28888888888888886,1.0,0.28888888888888886,1.0,1.0,1.0,1.0,0.26,1.0,0.26,1.0,1.0,1.0,1.0
practice_reference_b.pq,1.0,0.06666666666666667,1.0,0.06666666666666667,1.0,1.0,0.06666666666666667,1.0,0.3333333333333333,1.0,0.3333333333333333,1.0,1.0,0.3333333333333333,1.0,0.6666666666666666,1.0,0.6666666666666666,1.0,1.0,0.6666666666666666,1.0,1.0,1.0,1.0,1.0,1.0,1.0,0.75,1.0,0.75,1.0,1.0,1.0,1.0,0.6,1.0,0.6,1.0,1.0,1.0,1.0,0.5,1.0,0.5,1.0,1.0,1.0,1.0,0.42857142857142855,1.0,0.42857142857142855,1.0,1.0,1.0,1.0,0.375,1.0,0.375,1.0,1.0,1.0,1.0,0.3333333333333333,1.0,0.3333333333333333,1.0,1.0,1.0,1.0,0.3,1.0,0.3,1.0,1.0,1.0,1.0
job_pay_scales_a.pq,1.0,0.06666666666666667,1.0,0.06666666666666667,1.0,1.0,0.06666666666666667,1.0,0.3333333333333333,1.0,0.3333333333333333,1.0,1.0,0.3333333333333333,0.8,0.5333333333333333,1.0,0.6666666666666666,1.0,1.0,0.5333333333333333,0.5333333333333333,0.5333333333333333,1.0,1.0,1.0,1.0,0.5333333333333333,0.45,0.6,0.75,1.0,1.0,1.0,0.5666666666666667,0.36,0.6,0.6,1.0,1.0,1.0,0.5666666666666667,0.3333333333333333,0.6666666666666666,0.5,1.0,1.0,1.0,0.5896551724137932,0.2857142857142857,0.6666666666666666,0.42857142857142855,1.0,1.0,1.0,0.5896551724137932,0.25,0.6666666666666666,0.375,1.0,1.0,1.0,0.5896551724137932,0.2222222222222222,0.6666666666666666,0.3333333333333333,1.0,1.0,1.0,0.5896551724137932,0.2,0.6666666666666666,0.3,1.0,1.0,1.0,0.5896551724137932
ydn_spending_data_b.pq,1.0,0.08333333333333333,1.0,0.08333333333333333,1.0,1.0,0.08333333333333333,1.0,0.4166666666666667,1.0,0.4166666666666667,1.0,1.0,0.4166666666666667,1.0,0.8333333333333334,1.0,0.8333333333333334,1.0,1.0,0.8333333333333334,0.8,1.0,0.8,1.0,1.0,1.0,1.0,0.6,1.0,0.6,1.0,1.0,1.0,1.0,0.48,1.0,0.48,1.0,1.0,1.0,1.0,0.4,1.0,0.4,1.0,1.0,1.0,1.0,0.34285714285714286,1.0,0.34285714285714286,1.0,1.0,1.0,1.0,0.3,1.0,0.3,1.0,1.0,1.0,1.0,0.26666666666666666,1.0,0.26666666666666666,1.0,1.0,1.0,1.0,0.24,1.0,0.24,1.0,1.0,1.0,1.0
contributors_parties_a.pq,1.0,0.047619047619047616,1.0,0.047619047619047616,1.0,1.0,0.047619047619047616,1.0,0.23809523809523808,1.0,0.23809523809523808,1.0,1.0,0.23809523809523808,1.0,0.47619047619047616,1.0,0.47619047619047616,1.0,1.0,0.47619047619047616,1.0,0.7142857142857143,1.0,0.7142857142857143,1.0,1.0,0.7142857142857143,1.0,0.9523809523809523,1.0,0.9523809523809523,1.0,1.0,0.9523809523809523,0.84,1.0,0.84,1.0,1.0,1.0,1.0,0.7,1.0,0.7,1.0,1.0,1.0,1.0,0.6,1.0,0.6,1.0,1.0,1.0,1.0,0.525,1.0,0.525,1.0,1.0,1.0,1.0,0.4666666666666667,1.0,0.4666666666666667,1.0,1.0,1.0,1.0,0.42,1.0,0.42,1.0,1.0,1.0,1.0
abandoned_wells_a.pq,1.0,0.09090909090909091,1.0,0.09090909090909091,1.0,1.0,0.09090909090909091,1.0,0.45454545454545453,1.0,0.45454545454545453,1.0,1.0,0.45454545454545453,1.0,0.9090909090909091,1.0,0.9090909090909091,1.0,1.0,0.9090909090909091,0.7333333333333333,1.0,0.7333333333333333,1.0,1.0,1.0,1.0,0.55,1.0,0.55,1.0,1.0,1.0,1.0,0.44,1.0,0.44,1.0,1.0,1.0,1.0,0.36666666666666664,1.0,0.36666666666666664,1.0,1.0,1.0,1.0,0.3142857142857143,1.0,0.3142857142857143,1.0,1.0,1.0,1.0,0.275,1.0,0.275,1.0,1.0,1.0,1.0,0.24444444444444444,1.0,0.24444444444444444,1.0,1.0,1.0,1.0,0.22,1.0,0.22,1.0,1.0,1.0,1.0
complaint_by_practice_a.pq,1.0,0.07692307692307693,1.0,0.07692307692307693,1.0,1.0,0.07692307692307693,1.0,0.38461538461538464,1.0,0.38461538461538464,1.0,1.0,0.38461538461538464,0.8,0.6153846153846154,1.0,0.7692307692307693,1.0,1.0,0.5793956043956044,0.6,0.6923076923076923,0.8666666666666667,1.0,1.0,1.0,0.6255494505494504,0.5,0.7692307692307693,0.65,1.0,1.0,1.0,0.6707983193277312,0.4,0.7692307692307693,0.52,1.0,1.0,1.0,0.6707983193277312,0.3333333333333333,0.7692307692307693,0.43333333333333335,1.0,1.0,1.0,0.6707983193277312,0.34285714285714286,0.9230769230769231,0.37142857142857144,1.0,1.0,1.0,0.7236142533936651,0.3,0.9230769230769231,0.325,1.0,1.0,1.0,0.7236142533936651,0.26666666666666666,0.9230769230769231,0.28888888888888886,1.0,1.0,1.0,0.7236142533936651,0.24,0.9230769230769231,0.26,1.0,1.0,1.0,0.7236142533936651
data_mill_a.pq,1.0,0.07142857142857142,1.0,0.07142857142857142,1.0,1.0,0.07142857142857142,1.0,0.35714285714285715,1.0,0.35714285714285715,1.0,1.0,0.35714285714285715,1.0,0.7142857142857143,1.0,0.7142857142857143,1.0,1.0,0.7142857142857143,0.9333333333333333,1.0,0.9333333333333333,1.0,1.0,1.0,1.0,0.7,1.0,0.7,1.0,1.0,1.0,1.0,0.56,1.0,0.56,1.0,1.0,1.0,1.0,0.4666666666666667,1.0,0.4666666666666667,1.0,1.0,1.0,1.0,0.4,1.0,0.4,1.0,1.0,1.0,1.0,0.35,1.0,0.35,1.0,1.0,1.0,1.0,0.3111111111111111,1.0,0.3111111111111111,1.0,1.0,1.0,1.0,0.28,1.0,0.28,1.0,1.0,1.0,1.0
prescribing_a.pq,1.0,0.06666666666666667,1.0,0.06666666666666667,1.0,1.0,0.06666666666666667,1.0,0.3333333333333333,1.0,0.3333333333333333,1.0,1.0,0.3333333333333333,0.9,0.6,1.0,0.6666666666666666,1.0,1.0,0.5775925925925927,0.9333333333333333,0.9333333333333333,1.0,1.0,1.0,1.0,0.88497520997521,0.75,1.0,0.75,1.0,1.0,1.0,0.94747520997521,0.6,1.0,0.6,1.0,1.0,1.0,0.94747520997521,0.5,1.0,0.5,1.0,1.0,1.0,0.94747520997521,0.42857142857142855,1.0,0.42857142857142855,1.0,1.0,1.0,0.94747520997521,0.375,1.0,0.375,1.0,1.0,1.0,0.94747520997521,0.3333333333333333,1.0,0.3333333333333333,1.0,1.0,1.0,0.94747520997521,0.3,1.0,0.3,1.0,1.0,1.0,0.94747520997521
cihr_co-applicant_b.pq,1.0,0.08333333333333333,1.0,0.08333333333333333,1.0,1.0,0.08333333333333333,1.0,0.4166666666666667,1.0,0.4166666666666667,1.0,1.0,0.4166666666666667,1.0,0.8333333333333334,1.0,0.8333333333333334,1.0,1.0,0.8333333333333334,0.8,1.0,0.8,1.0,1.0,1.0,1.0,0.6,1.0,0.6,1.0,1.0,1.0,1.0,0.48,1.0,0.48,1.0,1.0,1.0,1.0,0.4,1.0,0.4,1.0,1.0,1.0,1.0,0.34285714285714286,1.0,0.34285714285714286,1.0,1.0,1.0,1.0,0.3,1.0,0.3,1.0,1.0,1.0,1.0,0.26666666666666666,1.0,0.26666666666666666,1.0,1.0,1.0,1.0,0.24,1.0,0.24,1.0,1.0,1.0,1.0
biodiversity_a.pq,1.0,0.09090909090909091,1.0,0.09090909090909091,1.0,1.0,0.09090909090909091,1.0,0.45454545454545453,1.0,0.45454545454545453,1.0,1.0,0.45454545454545453,0.8,0.7272727272727273,1.0,0.9090909090909091,1.0,1.0,0.7272727272727273,0.5333333333333333,0.7272727272727273,0.7333333333333333,1.0,1.0,1.0,0.7272727272727273,0.4,0.7272727272727273,0.55,1.0,1.0,1.0,0.7272727272727273,0.32,0.7272727272727273,0.44,1.0,1.0,1.0,0.7272727272727273,0.26666666666666666,0.7272727272727273,0.36666666666666664,1.0,1.0,1.0,0.7272727272727273,0.22857142857142856,0.7272727272727273,0.3142857142857143,1.0,1.0,1.0,0.7272727272727273,0.2,0.7272727272727273,0.275,1.0,1.0,1.0,0.7272727272727273,0.17777777777777778,0.7272727272727273,0.24444444444444444,1.0,1.0,1.0,0.7272727272727273,0.16,0.7272727272727273,0.22,1.0,1.0,1.0,0.7272727272727273
stockport_contracts_a.pq,1.0,0.07692307692307693,1.0,0.07692307692307693,1.0,1.0,0.07692307692307693,1.0,0.38461538461538464,1.0,0.38461538461538464,1.0,1.0,0.38461538461538464,1.0,0.7692307692307693,1.0,0.7692307692307693,1.0,1.0,0.7692307692307693,0.8666666666666667,1.0,0.8666666666666667,1.0,1.0,1.0,1.0,0.65,1.0,0.65,1.0,1.0,1.0,1.0,0.52,1.0,0.52,1.0,1.0,1.0,1.0,0.43333333333333335,1.0,0.43333333333333335,1.0,1.0,1.0,1.0,0.37142857142857144,1.0,0.37142857142857144,1.0,1.0,1.0,1.0,0.325,1.0,0.325,1.0,1.0,1.0,1.0,0.28888888888888886,1.0,0.28888888888888886,1.0,1.0,1.0,1.0,0.26,1.0,0.26,1.0,1.0,1.0,1.0
civic_building_locations_a.pq,1.0,0.08333333333333333,1.0,0.08333333333333333,1.0,1.0,0.08333333333333333,1.0,0.4166666666666667,1.0,0.4166666666666667,1.0,1.0,0.4166666666666667,0.8,0.6666666666666666,1.0,0.8333333333333334,1.0,1.0,0.6666666666666666,0.6,0.75,0.8,1.0,1.0,1.0,0.7166666666666667,0.45,0.75,0.6,1.0,1.0,1.0,0.7166666666666667,0.4,0.8333333333333334,0.48,1.0,1.0,1.0,0.7545454545454545,0.36666666666666664,0.9166666666666666,0.4,1.0,1.0,1.0,0.7884960718294051,0.3142857142857143,0.9166666666666666,0.34285714285714286,1.0,1.0,1.0,0.7884960718294051,0.275,0.9166666666666666,0.3,1.0,1.0,1.0,0.7884960718294051,0.24444444444444444,0.9166666666666666,0.26666666666666666,1.0,1.0,1.0,0.7884960718294051,0.22,0.9166666666666666,0.24,1.0,1.0,1.0,0.7884960718294051
minister_meetings_a.pq,1.0,0.1,1.0,0.1,1.0,1.0,0.1,0.8,0.4,1.0,0.5,1.0,1.0,0.4,0.7,0.7,1.0,1.0,1.0,1.0,0.6468253968253969,0.5333333333333333,0.8,0.6666666666666666,1.0,1.0,1.0,0.7039682539682539,0.45,0.9,0.5,1.0,1.0,1.0,0.748968253968254,0.36,0.9,0.4,1.0,1.0,1.0,0.748968253968254,0.3333333333333333,1.0,0.3333333333333333,1.0,1.0,1.0,0.7823015873015873,0.2857142857142857,1.0,0.2857142857142857,1.0,1.0,1.0,0.7823015873015873,0.25,1.0,0.25,1.0,1.0,1.0,0.7823015873015873,0.2222222222222222,1.0,0.2222222222222222,1.0,1.0,1.0,0.7823015873015873,0.2,1.0,0.2,1.0,1.0,1.0,0.7823015873015873
workforce_management_information_a.pq,1.0,0.05555555555555555,1.0,0.05555555555555555,1.0,1.0,0.05555555555555555,1.0,0.2777777777777778,1.0,0.2777777777777778,1.0,1.0,0.2777777777777778,1.0,0.5555555555555556,1.0,0.5555555555555556,1.0,1.0,0.5555555555555556,0.8666666666666667,0.7222222222222222,1.0,0.8333333333333334,1.0,1.0,0.7222222222222222,0.8,0.8888888888888888,0.9,1.0,1.0,1.0,0.8537361923326836,0.64,0.8888888888888888,0.72,1.0,1.0,1.0,0.8537361923326836,0.5333333333333333,0.8888888888888888,0.6,1.0,1.0,1.0,0.8537361923326836,0.45714285714285713,0.8888888888888888,0.5142857142857142,1.0,1.0,1.0,0.8537361923326836,0.4,0.8888888888888888,0.45,1.0,1.0,1.0,0.8537361923326836,0.35555555555555557,0.8888888888888888,0.4,1.0,1.0,1.0,0.8537361923326836,0.32,0.8888888888888888,0.36,1.0,1.0,1.0,0.8537361923326836
business_rates_a.pq,1.0,0.08333333333333333,1.0,0.08333333333333333,1.0,1.0,0.08333333333333333,1.0,0.4166666666666667,1.0,0.4166666666666667,1.0,1.0,0.4166666666666667,1.0,0.8333333333333334,1.0,0.8333333333333334,1.0,1.0,0.8333333333333334,0.8,1.0,0.8,1.0,1.0,1.0,1.0,0.6,1.0,0.6,1.0,1.0,1.0,1.0,0.48,1.0,0.48,1.0,1.0,1.0,1.0,0.4,1.0,0.4,1.0,1.0,1.0,1.0,0.34285714285714286,1.0,0.34285714285714286,1.0,1.0,1.0,1.0,0.3,1.0,0.3,1.0,1.0,1.0,1.0,0.26666666666666666,1.0,0.26666666666666666,1.0,1.0,1.0,1.0,0.24,1.0,0.24,1.0,1.0,1.0,1.0
ydn_spending_data_a.pq,1.0,0.08333333333333333,1.0,0.08333333333333333,1.0,1.0,0.08333333333333333,1.0,0.4166666666666667,1.0,0.4166666666666667,1.0,1.0,0.4166666666666667,1.0,0.8333333333333334,1.0,0.8333333333333334,1.0,1.0,0.8333333333333334,0.8,1.0,0.8,1.0,1.0,1.0,1.0,0.6,1.0,0.6,1.0,1.0,1.0,1.0,0.48,1.0,0.48,1.0,1.0,1.0,1.0,0.4,1.0,0.4,1.0,1.0,1.0,1.0,0.34285714285714286,1.0,0.34285714285714286,1.0,1.0,1.0,1.0,0.3,1.0,0.3,1.0,1.0,1.0,1.0,0.26666666666666666,1.0,0.26666666666666666,1.0,1.0,1.0,1.0,0.24,1.0,0.24,1.0,1.0,1.0,1.0
immigration_records_a.pq,1.0,0.0625,1.0,0.0625,1.0,1.0,0.0625,1.0,0.3125,1.0,0.3125,1.0,1.0,0.3125,1.0,0.625,1.0,0.625,1.0,1.0,0.625,1.0,0.9375,1.0,0.9375,1.0,1.0,0.9375,0.8,1.0,0.8,1.0,1.0,1.0,0.9963235294117647,0.64,1.0,0.64,1.0,1.0,1.0,0.9963235294117647,0.5333333333333333,1.0,0.5333333333333333,1.0,1.0,1.0,0.9963235294117647,0.45714285714285713,1.0,0.45714285714285713,1.0,1.0,1.0,0.9963235294117647,0.4,1.0,0.4,1.0,1.0,1.0,0.9963235294117647,0.35555555555555557,1.0,0.35555555555555557,1.0,1.0,1.0,0.9963235294117647,0.32,1.0,0.32,1.0,1.0,1.0,0.9963235294117647
oil_and_gas_summary_production_data_1967_1999_a.pq,1.0,0.09090909090909091,1.0,0.09090909090909091,1.0,1.0,0.09090909090909091,1.0,0.45454545454545453,1.0,0.45454545454545453,1.0,1.0,0.45454545454545453,0.8,0.7272727272727273,1.0,0.9090909090909091,1.0,1.0,0.7090909090909091,0.6666666666666666,0.9090909090909091,0.7333333333333333,1.0,1.0,1.0,0.8422077922077922,0.55,1.0,0.55,1.0,1.0,1.0,0.9010313216195569,0.44,1.0,0.44,1.0,1.0,1.0,0.9010313216195569,0.36666666666666664,1.0,0.36666666666666664,1.0,1.0,1.0,0.9010313216195569,0.3142857142857143,1.0,0.3142857142857143,1.0,1.0,1.0,0.9010313216195569,0.275,1.0,0.275,1.0,1.0,1.0,0.9010313216195569,0.24444444444444444,1.0,0.24444444444444444,1.0,1.0,1.0,0.9010313216195569,0.22,1.0,0.22,1.0,1.0,1.0,0.9010313216195569
mines_a.pq,1.0,0.07142857142857142,1.0,0.07142857142857142,1.0,1.0,0.07142857142857142,1.0,0.35714285714285715,1.0,0.35714285714285715,1.0,1.0,0.35714285714285715,1.0,0.7142857142857143,1.0,0.7142857142857143,1.0,1.0,0.7142857142857143,0.9333333333333333,1.0,0.9333333333333333,1.0,1.0,1.0,1.0,0.7,1.0,0.7,1.0,1.0,1.0,1.0,0.56,1.0,0.56,1.0,1.0,1.0,1.0,0.4666666666666667,1.0,0.4666666666666667,1.0,1.0,1.0,1.0,0.4,1.0,0.4,1.0,1.0,1.0,1.0,0.35,1.0,0.35,1.0,1.0,1.0,1.0,0.3111111111111111,1.0,0.3111111111111111,1.0,1.0,1.0,1.0,0.28,1.0,0.28,1.0,1.0,1.0,1.0
prescribing_b.pq,1.0,0.06666666666666667,1.0,0.06666666666666667,1.0,1.0,0.06666666666666667,1.0,0.3333333333333333,1.0,0.3333333333333333,1.0,1.0,0.3333333333333333,1.0,0.6666666666666666,1.0,0.6666666666666666,1.0,1.0,0.6666666666666666,0.7333333333333333,0.7333333333333333,1.0,1.0,1.0,1.0,0.7277777777777777,0.65,0.8666666666666667,0.75,1.0,1.0,1.0,0.825925925925926,0.52,0.8666666666666667,0.6,1.0,1.0,1.0,0.825925925925926,0.43333333333333335,0.8666666666666667,0.5,1.0,1.0,1.0,0.825925925925926,0.4,0.9333333333333333,0.42857142857142855,1.0,1.0,1.0,0.8560334528076463,0.375,1.0,0.375,1.0,1.0,1.0,0.8810334528076463,0.3333333333333333,1.0,0.3333333333333333,1.0,1.0,1.0,0.8810334528076463,0.3,1.0,0.3,1.0,1.0,1.0,0.8810334528076463
time_spent_watching_vcr_movies_a.pq,1.0,0.09090909090909091,1.0,0.09090909090909091,1.0,1.0,0.09090909090909091,1.0,0.45454545454545453,1.0,0.45454545454545453,1.0,1.0,0.45454545454545453,1.0,0.9090909090909091,1.0,0.9090909090909091,1.0,1.0,0.9090909090909091,0.7333333333333333,1.0,0.7333333333333333,1.0,1.0,1.0,0.9757575757575757,0.55,1.0,0.55,1.0,1.0,1.0,0.9757575757575757,0.44,1.0,0.44,1.0,1.0,1.0,0.9757575757575757,0.36666666666666664,1.0,0.36666666666666664,1.0,1.0,1.0,0.9757575757575757,0.3142857142857143,1.0,0.3142857142857143,1.0,1.0,1.0,0.9757575757575757,0.275,1.0,0.275,1.0,1.0,1.0,0.9757575757575757,0.24444444444444444,1.0,0.24444444444444444,1.0,1.0,1.0,0.9757575757575757,0.22,1.0,0.22,1.0,1.0,1.0,0.9757575757575757
stockport_contracts_b.pq,1.0,0.07692307692307693,1.0,0.07692307692307693,1.0,1.0,0.07692307692307693,1.0,0.38461538461538464,1.0,0.38461538461538464,1.0,1.0,0.38461538461538464,1.0,0.7692307692307693,1.0,0.7692307692307693,1.0,1.0,0.7692307692307693,0.8666666666666667,1.0,0.8666666666666667,1.0,1.0,1.0,1.0,0.65,1.0,0.65,1.0,1.0,1.0,1.0,0.52,1.0,0.52,1.0,1.0,1.0,1.0,0.43333333333333335,1.0,0.43333333333333335,1.0,1.0,1.0,1.0,0.37142857142857144,1.0,0.37142857142857144,1.0,1.0,1.0,1.0,0.325,1.0,0.325,1.0,1.0,1.0,1.0,0.28888888888888886,1.0,0.28888888888888886,1.0,1.0,1.0,1.0,0.26,1.0,0.26,1.0,1.0,1.0,1.0
contributors_parties_b.pq,1.0,0.047619047619047616,1.0,0.047619047619047616,1.0,1.0,0.047619047619047616,1.0,0.23809523809523808,1.0,0.23809523809523808,1.0,1.0,0.23809523809523808,1.0,0.47619047619047616,1.0,0.47619047619047616,1.0,1.0,0.47619047619047616,1.0,0.7142857142857143,1.0,0.7142857142857143,1.0,1.0,0.7142857142857143,0.9,0.8571428571428571,1.0,0.9523809523809523,1.0,1.0,0.8546365914786966,0.84,1.0,0.84,1.0,1.0,1.0,0.9754446722867776,0.7,1.0,0.7,1.0,1.0,1.0,0.9754446722867776,0.6,1.0,0.6,1.0,1.0,1.0,0.9754446722867776,0.525,1.0,0.525,1.0,1.0,1.0,0.9754446722867776,0.4666666666666667,1.0,0.4666666666666667,1.0,1.0,1.0,0.9754446722867776,0.42,1.0,0.42,1.0,1.0,1.0,0.9754446722867776
deaths_2012_2018_a.pq,1.0,0.09090909090909091,1.0,0.09090909090909091,1.0,1.0,0.09090909090909091,1.0,0.45454545454545453,1.0,0.45454545454545453,1.0,1.0,0.45454545454545453,0.9,0.8181818181818182,1.0,0.9090909090909091,1.0,1.0,0.8181818181818182,0.7333333333333333,1.0,0.7333333333333333,1.0,1.0,1.0,0.9841597796143251,0.55,1.0,0.55,1.0,1.0,1.0,0.9841597796143251,0.44,1.0,0.44,1.0,1.0,1.0,0.9841597796143251,0.36666666666666664,1.0,0.36666666666666664,1.0,1.0,1.0,0.9841597796143251,0.3142857142857143,1.0,0.3142857142857143,1.0,1.0,1.0,0.9841597796143251,0.275,1.0,0.275,1.0,1.0,1.0,0.9841597796143251,0.24444444444444444,1.0,0.24444444444444444,1.0,1.0,1.0,0.9841597796143251,0.22,1.0,0.22,1.0,1.0,1.0,0.9841597796143251
tuition_assistance_program_tap_recipients_a.pq,1.0,0.09090909090909091,1.0,0.09090909090909091,1.0,1.0,0.09090909090909091,1.0,0.45454545454545453,1.0,0.45454545454545453,1.0,1.0,0.45454545454545453,1.0,0.9090909090909091,1.0,0.9090909090909091,1.0,1.0,0.9090909090909091,0.7333333333333333,1.0,0.7333333333333333,1.0,1.0,1.0,0.986013986013986,0.55,1.0,0.55,1.0,1.0,1.0,0.986013986013986,0.44,1.0,0.44,1.0,1.0,1.0,0.986013986013986,0.36666666666666664,1.0,0.36666666666666664,1.0,1.0,1.0,0.986013986013986,0.3142857142857143,1.0,0.3142857142857143,1.0,1.0,1.0,0.986013986013986,0.275,1.0,0.275,1.0,1.0,1.0,0.986013986013986,0.24444444444444444,1.0,0.24444444444444444,1.0,1.0,1.0,0.986013986013986,0.22,1.0,0.22,1.0,1.0,1.0,0.986013986013986
ipopayments_b.pq,1.0,0.06666666666666667,1.0,0.06666666666666667,1.0,1.0,0.06666666666666667,1.0,0.3333333333333333,1.0,0.3333333333333333,1.0,1.0,0.3333333333333333,1.0,0.6666666666666666,1.0,0.6666666666666666,1.0,1.0,0.6666666666666666,1.0,1.0,1.0,1.0,1.0,1.0,1.0,0.75,1.0,0.75,1.0,1.0,1.0,1.0,0.6,1.0,0.6,1.0,1.0,1.0,1.0,0.5,1.0,0.5,1.0,1.0,1.0,1.0,0.42857142857142855,1.0,0.42857142857142855,1.0,1.0,1.0,1.0,0.375,1.0,0.375,1.0,1.0,1.0,1.0,0.3333333333333333,1.0,0.3333333333333333,1.0,1.0,1.0,1.0,0.3,1.0,0.3,1.0,1.0,1.0,1.0
wholesale_markets_a.pq,1.0,0.09090909090909091,1.0,0.09090909090909091,1.0,1.0,0.09090909090909091,1.0,0.45454545454545453,1.0,0.45454545454545453,1.0,1.0,0.45454545454545453,1.0,0.9090909090909091,1.0,0.9090909090909091,1.0,1.0,0.9090909090909091,0.7333333333333333,1.0,0.7333333333333333,1.0,1.0,1.0,1.0,0.55,1.0,0.55,1.0,1.0,1.0,1.0,0.44,1.0,0.44,1.0,1.0,1.0,1.0,0.36666666666666664,1.0,0.36666666666666664,1.0,1.0,1.0,1.0,0.3142857142857143,1.0,0.3142857142857143,1.0,1.0,1.0,1.0,0.275,1.0,0.275,1.0,1.0,1.0,1.0,0.24444444444444444,1.0,0.24444444444444444,1.0,1.0,1.0,1.0,0.22,1.0,0.22,1.0,1.0,1.0,1.0
psyckes_antipsychotic_polypharmacy_quality_indicators_beginning_2012_a.pq,1.0,0.09090909090909091,1.0,0.09090909090909091,1.0,1.0,0.09090909090909091,0.2,0.09090909090909091,1.0,0.45454545454545453,1.0,1.0,0.09090909090909091,0.2,0.18181818181818182,1.0,0.9090909090909091,1.0,1.0,0.11688311688311687,0.13333333333333333,0.18181818181818182,0.7333333333333333,1.0,1.0,1.0,0.11688311688311687,0.1,0.18181818181818182,0.55,1.0,1.0,1.0,0.11688311688311687,0.08,0.18181818181818182,0.44,1.0,1.0,1.0,0.11688311688311687,0.1,0.2727272727272727,0.36666666666666664,1.0,1.0,1.0,0.12698412698412698,0.14285714285714285,0.45454545454545453,0.3142857142857143,1.0,1.0,1.0,0.1529188777172648,0.175,0.6363636363636364,0.275,1.0,1.0,1.0,0.1828139826123697,0.17777777777777778,0.7272727272727273,0.24444444444444444,1.0,1.0,1.0,0.20055234181414355,0.16,0.7272727272727273,0.22,1.0,1.0,1.0,0.20055234181414355
ipopayments_a.pq,1.0,0.06666666666666667,1.0,0.06666666666666667,1.0,1.0,0.06666666666666667,1.0,0.3333333333333333,1.0,0.3333333333333333,1.0,1.0,0.3333333333333333,1.0,0.6666666666666666,1.0,0.6666666666666666,1.0,1.0,0.6666666666666666,1.0,1.0,1.0,1.0,1.0,1.0,1.0,0.75,1.0,0.75,1.0,1.0,1.0,1.0,0.6,1.0,0.6,1.0,1.0,1.0,1.0,0.5,1.0,0.5,1.0,1.0,1.0,1.0,0.42857142857142855,1.0,0.42857142857142855,1.0,1.0,1.0,1.0,0.375,1.0,0.375,1.0,1.0,1.0,1.0,0.3333333333333333,1.0,0.3333333333333333,1.0,1.0,1.0,1.0,0.3,1.0,0.3,1.0,1.0,1.0,1.0
monthly_data_feed_b.pq,1.0,0.07692307692307693,1.0,0.07692307692307693,1.0,1.0,0.07692307692307693,0.8,0.3076923076923077,1.0,0.38461538461538464,1.0,1.0,0.3076923076923077,0.9,0.6923076923076923,1.0,0.7692307692307693,1.0,1.0,0.6426434676434677,0.8666666666666667,1.0,0.8666666666666667,1.0,1.0,1.0,0.9255208466746928,0.65,1.0,0.65,1.0,1.0,1.0,0.9255208466746928,0.52,1.0,0.52,1.0,1.0,1.0,0.9255208466746928,0.43333333333333335,1.0,0.43333333333333335,1.0,1.0,1.0,0.9255208466746928,0.37142857142857144,1.0,0.37142857142857144,1.0,1.0,1.0,0.9255208466746928,0.325,1.0,0.325,1.0,1.0,1.0,0.9255208466746928,0.28888888888888886,1.0,0.28888888888888886,1.0,1.0,1.0,0.9255208466746928,0.26,1.0,0.26,1.0,1.0,1.0,0.9255208466746928
cihr_co-applicant_a.pq,1.0,0.08333333333333333,1.0,0.08333333333333333,1.0,1.0,0.08333333333333333,1.0,0.4166666666666667,1.0,0.4166666666666667,1.0,1.0,0.4166666666666667,1.0,0.8333333333333334,1.0,0.8333333333333334,1.0,1.0,0.8333333333333334,0.8,1.0,0.8,1.0,1.0,1.0,1.0,0.6,1.0,0.6,1.0,1.0,1.0,1.0,0.48,1.0,0.48,1.0,1.0,1.0,1.0,0.4,1.0,0.4,1.0,1.0,1.0,1.0,0.34285714285714286,1.0,0.34285714285714286,1.0,1.0,1.0,1.0,0.3,1.0,0.3,1.0,1.0,1.0,1.0,0.26666666666666666,1.0,0.26666666666666666,1.0,1.0,1.0,1.0,0.24,1.0,0.24,1.0,1.0,1.0,1.0
practice_reference_a.pq,1.0,0.06666666666666667,1.0,0.06666666666666667,1.0,1.0,0.06666666666666667,1.0,0.3333333333333333,1.0,0.3333333333333333,1.0,1.0,0.3333333333333333,1.0,0.6666666666666666,1.0,0.6666666666666666,1.0,1.0,0.6666666666666666,0.8666666666666667,0.8666666666666667,1.0,1.0,1.0,1.0,0.8666666666666667,0.75,1.0,0.75,1.0,1.0,1.0,0.975,0.6,1.0,0.6,1.0,1.0,1.0,0.975,0.5,1.0,0.5,1.0,1.0,1.0,0.975,0.42857142857142855,1.0,0.42857142857142855,1.0,1.0,1.0,0.975,0.375,1.0,0.375,1.0,1.0,1.0,0.975,0.3333333333333333,1.0,0.3333333333333333,1.0,1.0,1.0,0.975,0.3,1.0,0.3,1.0,1.0,1.0,0.975
