query_table,precision@1,recall@1,max_precision@1,max_recall@1,hits@1,mrr@1,ap@1,precision@5,recall@5,max_precision@5,max_recall@5,hits@5,mrr@5,ap@5,precision@10,recall@10,max_precision@10,max_recall@10,hits@10,mrr@10,ap@10,precision@15,recall@15,max_precision@15,max_recall@15,hits@15,mrr@15,ap@15,precision@20,recall@20,max_precision@20,max_recall@20,hits@20,mrr@20,ap@20,precision@25,recall@25,max_precision@25,max_recall@25,hits@25,mrr@25,ap@25,precision@30,recall@30,max_precision@30,max_recall@30,hits@30,mrr@30,ap@30,precision@35,recall@35,max_precision@35,max_recall@35,hits@35,mrr@35,ap@35,precision@40,recall@40,max_precision@40,max_recall@40,hits@40,mrr@40,ap@40,precision@45,recall@45,max_precision@45,max_recall@45,hits@45,mrr@45,ap@45,precision@50,recall@50,max_precision@50,max_recall@50,hits@50,mrr@50,ap@50,ckpt_name,dataset,num_views
cdc_nutrition_physical_activity_and_obesity_legislation_a.pq,0.0,0.0,1.0,0.09090909090909091,0.0,0.0,0.0,0.2,0.09090909090909091,1.0,0.45454545454545453,1.0,0.5,0.045454545454545456,0.1,0.09090909090909091,1.0,0.9090909090909091,1.0,0.5,0.045454545454545456,0.06666666666666667,0.09090909090909091,0.7333333333333333,1.0,1.0,0.5,0.045454545454545456,0.05,0.09090909090909091,0.55,1.0,1.0,0.5,0.045454545454545456,0.04,0.09090909090909091,0.44,1.0,1.0,0.5,0.045454545454545456,0.03333333333333333,0.09090909090909091,0.36666666666666664,1.0,1.0,0.5,0.045454545454545456,0.08571428571428572,0.2727272727272727,0.3142857142857143,1.0,1.0,0.5,0.05898557770215524,0.075,0.2727272727272727,0.275,1.0,1.0,0.5,0.05898557770215524,0.15555555555555556,0.6363636363636364,0.24444444444444444,1.0,1.0,0.5,0.10550367169614261,0.22,1.0,0.22,1.0,1.0,0.5,0.17806962937178708,webtable-la2m_default-v=8-distilroberta-dj_adpt~qwen3_06b-dj_adpt,santos-union,8
film_locations_in_san_francisco_a.pq,1.0,0.07692307692307693,1.0,0.07692307692307693,1.0,1.0,0.07692307692307693,1.0,0.38461538461538464,1.0,0.38461538461538464,1.0,1.0,0.38461538461538464,1.0,0.7692307692307693,1.0,0.7692307692307693,1.0,1.0,0.7692307692307693,0.8666666666666667,1.0,0.8666666666666667,1.0,1.0,1.0,1.0,0.65,1.0,0.65,1.0,1.0,1.0,1.0,0.52,1.0,0.52,1.0,1.0,1.0,1.0,0.43333333333333335,1.0,0.43333333333333335,1.0,1.0,1.0,1.0,0.37142857142857144,1.0,0.37142857142857144,1.0,1.0,1.0,1.0,0.325,1.0,0.325,1.0,1.0,1.0,1.0,0.28888888888888886,1.0,0.28888888888888886,1.0,1.0,1.0,1.0,0.26,1.0,0.26,1.0,1.0,1.0,1.0,webtable-la2m_default-v=8-distilroberta-dj_adpt~qwen3_06b-dj_adpt,santos-union,8
monthly_data_feed_b.pq,0.0,0.0,1.0,0.07692307692307693,0.0,0.0,0.0,0.0,0.0,1.0,0.38461538461538464,0.0,0.0,0.0,0.2,0.15384615384615385,1.0,0.7692307692307693,1.0,0.14285714285714285,0.03021978021978022,0.4,0.46153846153846156,0.8666666666666667,1.0,1.0,0.14285714285714285,0.13310919849381386,0.4,0.6153846153846154,0.65,1.0,1.0,0.14285714285714285,0.19753227541689083,0.36,0.6923076923076923,0.52,1.0,1.0,0.14285714285714285,0.22637842926304466,0.3,0.6923076923076923,0.43333333333333335,1.0,1.0,0.14285714285714285,0.22637842926304466,0.3142857142857143,0.8461538461538461,0.37142857142857144,1.0,1.0,0.14285714285714285,0.2760579164425318,0.3,0.9230769230769231,0.325,1.0,1.0,0.14285714285714285,0.30169894208355746,0.26666666666666666,0.9230769230769231,0.28888888888888886,1.0,1.0,0.14285714285714285,0.30169894208355746,0.24,0.9230769230769231,0.26,1.0,1.0,0.14285714285714285,0.30169894208355746,webtable-la2m_default-v=8-distilroberta-dj_adpt~qwen3_06b-dj_adpt,santos-union,8
data_mill_a.pq,0.0,0.0,1.0,0.07142857142857142,0.0,0.0,0.0,0.0,0.0,1.0,0.35714285714285715,0.0,0.0,0.0,0.0,0.0,1.0,0.7142857142857143,0.0,0.0,0.0,0.13333333333333333,0.14285714285714285,0.9333333333333333,1.0,1.0,0.07692307692307693,0.015018315018315019,0.15,0.21428571428571427,0.7,1.0,1.0,0.07692307692307693,0.028411172161172164,0.16,0.2857142857142857,0.56,1.0,1.0,0.07692307692307693,0.040833532409619365,0.16666666666666666,0.35714285714285715,0.4666666666666667,1.0,1.0,0.07692307692307693,0.0535886344504357,0.17142857142857143,0.42857142857142855,0.4,1.0,1.0,0.07692307692307693,0.06741351924306242,0.15,0.42857142857142855,0.35,1.0,1.0,0.07692307692307693,0.06741351924306242,0.13333333333333333,0.42857142857142855,0.3111111111111111,1.0,1.0,0.07692307692307693,0.06741351924306242,0.12,0.42857142857142855,0.28,1.0,1.0,0.07692307692307693,0.06741351924306242,webtable-la2m_default-v=8-distilroberta-dj_adpt~qwen3_06b-dj_adpt,santos-union,8
contributors_parties_a.pq,1.0,0.047619047619047616,1.0,0.047619047619047616,1.0,1.0,0.047619047619047616,0.8,0.19047619047619047,1.0,0.23809523809523808,1.0,1.0,0.16904761904761903,0.9,0.42857142857142855,1.0,0.47619047619047616,1.0,1.0,0.3763983371126228,0.9333333333333333,0.6666666666666666,1.0,0.7142857142857143,1.0,1.0,0.5959573495287781,0.95,0.9047619047619048,1.0,0.9523809523809523,1.0,1.0,0.820742556009031,0.84,1.0,0.84,1.0,1.0,1.0,0.9115485753864789,0.7,1.0,0.7,1.0,1.0,1.0,0.9115485753864789,0.6,1.0,0.6,1.0,1.0,1.0,0.9115485753864789,0.525,1.0,0.525,1.0,1.0,1.0,0.9115485753864789,0.4666666666666667,1.0,0.4666666666666667,1.0,1.0,1.0,0.9115485753864789,0.42,1.0,0.42,1.0,1.0,1.0,0.9115485753864789,webtable-la2m_default-v=8-distilroberta-dj_adpt~qwen3_06b-dj_adpt,santos-union,8
mines_a.pq,0.0,0.0,1.0,0.07142857142857142,0.0,0.0,0.0,0.8,0.2857142857142857,1.0,0.35714285714285715,1.0,0.5,0.19404761904761905,0.9,0.6428571428571429,1.0,0.7142857142857143,1.0,0.5,0.5050736961451248,0.6666666666666666,0.7142857142857143,0.9333333333333333,1.0,1.0,0.5,0.5700087610801897,0.5,0.7142857142857143,0.7,1.0,1.0,0.5,0.5700087610801897,0.4,0.7142857142857143,0.56,1.0,1.0,0.5,0.5700087610801897,0.3333333333333333,0.7142857142857143,0.4666666666666667,1.0,1.0,0.5,0.5700087610801897,0.2857142857142857,0.7142857142857143,0.4,1.0,1.0,0.5,0.5700087610801897,0.25,0.7142857142857143,0.35,1.0,1.0,0.5,0.5700087610801897,0.24444444444444444,0.7857142857142857,0.3111111111111111,1.0,1.0,0.5,0.5874690785405071,0.26,0.9285714285714286,0.28,1.0,1.0,0.5,0.6246740474846064,webtable-la2m_default-v=8-distilroberta-dj_adpt~qwen3_06b-dj_adpt,santos-union,8
practice_reference_b.pq,0.0,0.0,1.0,0.06666666666666667,0.0,0.0,0.0,0.6,0.2,1.0,0.3333333333333333,1.0,0.3333333333333333,0.09555555555555556,0.7,0.4666666666666667,1.0,0.6666666666666666,1.0,0.3333333333333333,0.2727777777777778,0.8,0.8,1.0,1.0,1.0,0.3333333333333333,0.5282589632589633,0.75,1.0,0.75,1.0,1.0,0.3333333333333333,0.6928831462654992,0.6,1.0,0.6,1.0,1.0,0.3333333333333333,0.6928831462654992,0.5,1.0,0.5,1.0,1.0,0.3333333333333333,0.6928831462654992,0.42857142857142855,1.0,0.42857142857142855,1.0,1.0,0.3333333333333333,0.6928831462654992,0.375,1.0,0.375,1.0,1.0,0.3333333333333333,0.6928831462654992,0.3333333333333333,1.0,0.3333333333333333,1.0,1.0,0.3333333333333333,0.6928831462654992,0.3,1.0,0.3,1.0,1.0,0.3333333333333333,0.6928831462654992,webtable-la2m_default-v=8-distilroberta-dj_adpt~qwen3_06b-dj_adpt,santos-union,8
time_spent_watching_vcr_movies_a.pq,0.0,0.0,1.0,0.09090909090909091,0.0,0.0,0.0,0.0,0.0,1.0,0.45454545454545453,0.0,0.0,0.0,0.1,0.09090909090909091,1.0,0.9090909090909091,1.0,0.16666666666666666,0.01515151515151515,0.06666666666666667,0.09090909090909091,0.7333333333333333,1.0,1.0,0.16666666666666666,0.01515151515151515,0.05,0.09090909090909091,0.55,1.0,1.0,0.16666666666666666,0.01515151515151515,0.04,0.09090909090909091,0.44,1.0,1.0,0.16666666666666666,0.01515151515151515,0.03333333333333333,0.09090909090909091,0.36666666666666664,1.0,1.0,0.16666666666666666,0.01515151515151515,0.02857142857142857,0.09090909090909091,0.3142857142857143,1.0,1.0,0.16666666666666666,0.01515151515151515,0.05,0.18181818181818182,0.275,1.0,1.0,0.16666666666666666,0.020065520065520065,0.044444444444444446,0.18181818181818182,0.24444444444444444,1.0,1.0,0.16666666666666666,0.020065520065520065,0.04,0.18181818181818182,0.22,1.0,1.0,0.16666666666666666,0.020065520065520065,webtable-la2m_default-v=8-distilroberta-dj_adpt~qwen3_06b-dj_adpt,santos-union,8
biodiversity_a.pq,0.0,0.0,1.0,0.09090909090909091,0.0,0.0,0.0,0.0,0.0,1.0,0.45454545454545453,0.0,0.0,0.0,0.3,0.2727272727272727,1.0,0.9090909090909091,1.0,0.14285714285714285,0.06298701298701298,0.2,0.2727272727272727,0.7333333333333333,1.0,1.0,0.14285714285714285,0.06298701298701298,0.15,0.2727272727272727,0.55,1.0,1.0,0.14285714285714285,0.06298701298701298,0.2,0.45454545454545453,0.44,1.0,1.0,0.14285714285714285,0.09927878445665006,0.16666666666666666,0.45454545454545453,0.36666666666666664,1.0,1.0,0.14285714285714285,0.09927878445665006,0.14285714285714285,0.45454545454545453,0.3142857142857143,1.0,1.0,0.14285714285714285,0.09927878445665006,0.125,0.45454545454545453,0.275,1.0,1.0,0.14285714285714285,0.09927878445665006,0.1111111111111111,0.45454545454545453,0.24444444444444444,1.0,1.0,0.14285714285714285,0.09927878445665006,0.1,0.45454545454545453,0.22,1.0,1.0,0.14285714285714285,0.09927878445665006,webtable-la2m_default-v=8-distilroberta-dj_adpt~qwen3_06b-dj_adpt,santos-union,8
job_pay_scales_a.pq,1.0,0.06666666666666667,1.0,0.06666666666666667,1.0,1.0,0.06666666666666667,1.0,0.3333333333333333,1.0,0.3333333333333333,1.0,1.0,0.3333333333333333,1.0,0.6666666666666666,1.0,0.6666666666666666,1.0,1.0,0.6666666666666666,0.8666666666666667,0.8666666666666667,1.0,1.0,1.0,1.0,0.8666666666666667,0.75,1.0,0.75,1.0,1.0,1.0,0.9742002063983488,0.6,1.0,0.6,1.0,1.0,1.0,0.9742002063983488,0.5,1.0,0.5,1.0,1.0,1.0,0.9742002063983488,0.42857142857142855,1.0,0.42857142857142855,1.0,1.0,1.0,0.9742002063983488,0.375,1.0,0.375,1.0,1.0,1.0,0.9742002063983488,0.3333333333333333,1.0,0.3333333333333333,1.0,1.0,1.0,0.9742002063983488,0.3,1.0,0.3,1.0,1.0,1.0,0.9742002063983488,webtable-la2m_default-v=8-distilroberta-dj_adpt~qwen3_06b-dj_adpt,santos-union,8
workforce_management_information_a.pq,1.0,0.05555555555555555,1.0,0.05555555555555555,1.0,1.0,0.05555555555555555,0.4,0.1111111111111111,1.0,0.2777777777777778,1.0,1.0,0.07777777777777778,0.7,0.3888888888888889,1.0,0.5555555555555556,1.0,1.0,0.24794973544973542,0.7333333333333333,0.6111111111111112,1.0,0.8333333333333334,1.0,1.0,0.4164062789062789,0.55,0.6111111111111112,0.9,1.0,1.0,1.0,0.4164062789062789,0.44,0.6111111111111112,0.72,1.0,1.0,1.0,0.4164062789062789,0.36666666666666664,0.6111111111111112,0.6,1.0,1.0,1.0,0.4164062789062789,0.37142857142857144,0.7222222222222222,0.5142857142857142,1.0,1.0,1.0,0.4597971771358868,0.325,0.7222222222222222,0.45,1.0,1.0,1.0,0.4597971771358868,0.28888888888888886,0.7222222222222222,0.4,1.0,1.0,1.0,0.4597971771358868,0.26,0.7222222222222222,0.36,1.0,1.0,1.0,0.4597971771358868,webtable-la2m_default-v=8-distilroberta-dj_adpt~qwen3_06b-dj_adpt,santos-union,8
animal_tag_data_b.pq,0.0,0.0,1.0,0.08333333333333333,0.0,0.0,0.0,0.8,0.3333333333333333,1.0,0.4166666666666667,1.0,0.5,0.2263888888888889,0.5,0.4166666666666667,1.0,0.8333333333333334,1.0,0.5,0.27847222222222223,0.3333333333333333,0.4166666666666667,0.8,1.0,1.0,0.5,0.27847222222222223,0.25,0.4166666666666667,0.6,1.0,1.0,0.5,0.27847222222222223,0.2,0.4166666666666667,0.48,1.0,1.0,0.5,0.27847222222222223,0.16666666666666666,0.4166666666666667,0.4,1.0,1.0,0.5,0.27847222222222223,0.14285714285714285,0.4166666666666667,0.34285714285714286,1.0,1.0,0.5,0.27847222222222223,0.125,0.4166666666666667,0.3,1.0,1.0,0.5,0.27847222222222223,0.1111111111111111,0.4166666666666667,0.26666666666666666,1.0,1.0,0.5,0.27847222222222223,0.1,0.4166666666666667,0.24,1.0,1.0,0.5,0.27847222222222223,webtable-la2m_default-v=8-distilroberta-dj_adpt~qwen3_06b-dj_adpt,santos-union,8
contributors_parties_b.pq,1.0,0.047619047619047616,1.0,0.047619047619047616,1.0,1.0,0.047619047619047616,0.8,0.19047619047619047,1.0,0.23809523809523808,1.0,1.0,0.19047619047619047,0.9,0.42857142857142855,1.0,0.47619047619047616,1.0,1.0,0.39782690854119424,0.6,0.42857142857142855,1.0,0.7142857142857143,1.0,1.0,0.39782690854119424,0.45,0.42857142857142855,1.0,0.9523809523809523,1.0,1.0,0.39782690854119424,0.36,0.42857142857142855,0.84,1.0,1.0,1.0,0.39782690854119424,0.3,0.42857142857142855,0.7,1.0,1.0,1.0,0.39782690854119424,0.2571428571428571,0.42857142857142855,0.6,1.0,1.0,1.0,0.39782690854119424,0.225,0.42857142857142855,0.525,1.0,1.0,1.0,0.39782690854119424,0.2,0.42857142857142855,0.4666666666666667,1.0,1.0,1.0,0.39782690854119424,0.2,0.47619047619047616,0.42,1.0,1.0,1.0,0.4079586208005661,webtable-la2m_default-v=8-distilroberta-dj_adpt~qwen3_06b-dj_adpt,santos-union,8
ipopayments_a.pq,0.0,0.0,1.0,0.06666666666666667,0.0,0.0,0.0,0.2,0.06666666666666667,1.0,0.3333333333333333,1.0,0.2,0.013333333333333334,0.5,0.3333333333333333,1.0,0.6666666666666666,1.0,0.2,0.1344973544973545,0.5333333333333333,0.5333333333333333,1.0,1.0,1.0,0.2,0.24231398231398232,0.4,0.5333333333333333,0.75,1.0,1.0,0.2,0.24231398231398232,0.4,0.6666666666666666,0.6,1.0,1.0,0.2,0.29398064898064896,0.4,0.8,0.5,1.0,1.0,0.2,0.34971257137923806,0.37142857142857144,0.8666666666666667,0.42857142857142855,1.0,1.0,0.2,0.37520276745766945,0.325,0.8666666666666667,0.375,1.0,1.0,0.2,0.37520276745766945,0.3111111111111111,0.9333333333333333,0.3333333333333333,1.0,1.0,0.2,0.39690819381425857,0.3,1.0,0.3,1.0,1.0,0.2,0.4181847895589394,webtable-la2m_default-v=8-distilroberta-dj_adpt~qwen3_06b-dj_adpt,santos-union,8
minister_meetings_a.pq,1.0,0.1,1.0,0.1,1.0,1.0,0.1,0.6,0.3,1.0,0.5,1.0,1.0,0.26,0.5,0.5,1.0,1.0,1.0,1.0,0.3796428571428571,0.4,0.6,0.6666666666666666,1.0,1.0,1.0,0.42964285714285716,0.35,0.7,0.5,1.0,1.0,1.0,0.47339285714285717,0.28,0.7,0.4,1.0,1.0,1.0,0.47339285714285717,0.23333333333333334,0.7,0.3333333333333333,1.0,1.0,1.0,0.47339285714285717,0.2,0.7,0.2857142857142857,1.0,1.0,1.0,0.47339285714285717,0.175,0.7,0.25,1.0,1.0,1.0,0.47339285714285717,0.15555555555555556,0.7,0.2222222222222222,1.0,1.0,1.0,0.47339285714285717,0.14,0.7,0.2,1.0,1.0,1.0,0.47339285714285717,webtable-la2m_default-v=8-distilroberta-dj_adpt~qwen3_06b-dj_adpt,santos-union,8
prescribing_a.pq,0.0,0.0,1.0,0.06666666666666667,0.0,0.0,0.0,0.2,0.06666666666666667,1.0,0.3333333333333333,1.0,0.3333333333333333,0.02222222222222222,0.3,0.2,1.0,0.6666666666666666,1.0,0.3333333333333333,0.05703703703703703,0.5333333333333333,0.5333333333333333,1.0,1.0,1.0,0.3333333333333333,0.2087153587153587,0.45,0.6,0.75,1.0,1.0,0.3333333333333333,0.2462153587153587,0.36,0.6,0.6,1.0,1.0,0.3333333333333333,0.2462153587153587,0.3,0.6,0.5,1.0,1.0,0.3333333333333333,0.2462153587153587,0.2571428571428571,0.6,0.42857142857142855,1.0,1.0,0.3333333333333333,0.2462153587153587,0.225,0.6,0.375,1.0,1.0,0.3333333333333333,0.2462153587153587,0.3111111111111111,0.9333333333333333,0.3333333333333333,1.0,1.0,0.3333333333333333,0.3389782003778033,0.3,1.0,0.3,1.0,1.0,0.3333333333333333,0.3607173308125859,webtable-la2m_default-v=8-distilroberta-dj_adpt~qwen3_06b-dj_adpt,santos-union,8
stockport_contracts_b.pq,0.0,0.0,1.0,0.07692307692307693,0.0,0.0,0.0,0.0,0.0,1.0,0.38461538461538464,0.0,0.0,0.0,0.0,0.0,1.0,0.7692307692307693,0.0,0.0,0.0,0.0,0.0,0.8666666666666667,1.0,0.0,0.0,0.0,0.0,0.0,0.65,1.0,0.0,0.0,0.0,0.0,0.0,0.52,1.0,0.0,0.0,0.0,0.0,0.0,0.43333333333333335,1.0,0.0,0.0,0.0,0.0,0.0,0.37142857142857144,1.0,0.0,0.0,0.0,0.0,0.0,0.325,1.0,0.0,0.0,0.0,0.0,0.0,0.28888888888888886,1.0,0.0,0.0,0.0,0.0,0.0,0.26,1.0,0.0,0.0,0.0,webtable-la2m_default-v=8-distilroberta-dj_adpt~qwen3_06b-dj_adpt,santos-union,8
tuition_assistance_program_tap_recipients_a.pq,0.0,0.0,1.0,0.09090909090909091,0.0,0.0,0.0,0.0,0.0,1.0,0.45454545454545453,0.0,0.0,0.0,0.1,0.09090909090909091,1.0,0.9090909090909091,1.0,0.1111111111111111,0.0101010101010101,0.06666666666666667,0.09090909090909091,0.7333333333333333,1.0,1.0,0.1111111111111111,0.0101010101010101,0.05,0.09090909090909091,0.55,1.0,1.0,0.1111111111111111,0.0101010101010101,0.12,0.2727272727272727,0.44,1.0,1.0,0.1111111111111111,0.028585858585858583,0.16666666666666666,0.45454545454545453,0.36666666666666664,1.0,1.0,0.1111111111111111,0.05772338772338772,0.2,0.6363636363636364,0.3142857142857143,1.0,1.0,0.1111111111111111,0.09350051382309447,0.225,0.8181818181818182,0.275,1.0,1.0,0.1111111111111111,0.13581555613813678,0.2,0.8181818181818182,0.24444444444444444,1.0,1.0,0.1111111111111111,0.13581555613813678,0.18,0.8181818181818182,0.22,1.0,1.0,0.1111111111111111,0.13581555613813678,webtable-la2m_default-v=8-distilroberta-dj_adpt~qwen3_06b-dj_adpt,santos-union,8
wholesale_markets_a.pq,0.0,0.0,1.0,0.09090909090909091,0.0,0.0,0.0,0.2,0.09090909090909091,1.0,0.45454545454545453,1.0,0.3333333333333333,0.0303030303030303,0.1,0.09090909090909091,1.0,0.9090909090909091,1.0,0.3333333333333333,0.0303030303030303,0.06666666666666667,0.09090909090909091,0.7333333333333333,1.0,1.0,0.3333333333333333,0.0303030303030303,0.05,0.09090909090909091,0.55,1.0,1.0,0.3333333333333333,0.0303030303030303,0.04,0.09090909090909091,0.44,1.0,1.0,0.3333333333333333,0.0303030303030303,0.03333333333333333,0.09090909090909091,0.36666666666666664,1.0,1.0,0.3333333333333333,0.0303030303030303,0.02857142857142857,0.09090909090909091,0.3142857142857143,1.0,1.0,0.3333333333333333,0.0303030303030303,0.025,0.09090909090909091,0.275,1.0,1.0,0.3333333333333333,0.0303030303030303,0.022222222222222223,0.09090909090909091,0.24444444444444444,1.0,1.0,0.3333333333333333,0.0303030303030303,0.02,0.09090909090909091,0.22,1.0,1.0,0.3333333333333333,0.0303030303030303,webtable-la2m_default-v=8-distilroberta-dj_adpt~qwen3_06b-dj_adpt,santos-union,8
civic_building_locations_a.pq,1.0,0.08333333333333333,1.0,0.08333333333333333,1.0,1.0,0.08333333333333333,1.0,0.4166666666666667,1.0,0.4166666666666667,1.0,1.0,0.4166666666666667,0.9,0.75,1.0,0.8333333333333334,1.0,1.0,0.75,0.6,0.75,0.8,1.0,1.0,1.0,0.75,0.5,0.8333333333333334,0.6,1.0,1.0,1.0,0.7916666666666666,0.44,0.9166666666666666,0.48,1.0,1.0,1.0,0.8333333333333334,0.36666666666666664,0.9166666666666666,0.4,1.0,1.0,1.0,0.8333333333333334,0.3142857142857143,0.9166666666666666,0.34285714285714286,1.0,1.0,1.0,0.8333333333333334,0.275,0.9166666666666666,0.3,1.0,1.0,1.0,0.8333333333333334,0.24444444444444444,0.9166666666666666,0.26666666666666666,1.0,1.0,1.0,0.8333333333333334,0.22,0.9166666666666666,0.24,1.0,1.0,1.0,0.8333333333333334,webtable-la2m_default-v=8-distilroberta-dj_adpt~qwen3_06b-dj_adpt,santos-union,8
lane_description_a.pq,1.0,0.0625,1.0,0.0625,1.0,1.0,0.0625,1.0,0.3125,1.0,0.3125,1.0,1.0,0.3125,1.0,0.625,1.0,0.625,1.0,1.0,0.625,0.8,0.75,1.0,0.9375,1.0,1.0,0.75,0.65,0.8125,0.8,1.0,1.0,1.0,0.790625,0.56,0.875,0.64,1.0,1.0,1.0,0.8270833333333334,0.5,0.9375,0.5333333333333333,1.0,1.0,1.0,0.8631410256410257,0.45714285714285713,1.0,0.45714285714285713,1.0,1.0,1.0,0.8917124542124543,0.4,1.0,0.4,1.0,1.0,1.0,0.8917124542124543,0.35555555555555557,1.0,0.35555555555555557,1.0,1.0,1.0,0.8917124542124543,0.32,1.0,0.32,1.0,1.0,1.0,0.8917124542124543,webtable-la2m_default-v=8-distilroberta-dj_adpt~qwen3_06b-dj_adpt,santos-union,8
ydn_spending_data_a.pq,0.0,0.0,1.0,0.08333333333333333,0.0,0.0,0.0,0.4,0.16666666666666666,1.0,0.4166666666666667,1.0,0.25,0.05416666666666667,0.3,0.25,1.0,0.8333333333333334,1.0,0.25,0.07916666666666666,0.2,0.25,0.8,1.0,1.0,0.25,0.07916666666666666,0.15,0.25,0.6,1.0,1.0,0.25,0.07916666666666666,0.12,0.25,0.48,1.0,1.0,0.25,0.07916666666666666,0.2,0.5,0.4,1.0,1.0,0.25,0.12408594491927825,0.2,0.5833333333333334,0.34285714285714286,1.0,1.0,0.25,0.14231511158594493,0.25,0.8333333333333334,0.3,1.0,1.0,0.25,0.20247142174225508,0.2222222222222222,0.8333333333333334,0.26666666666666666,1.0,1.0,0.25,0.20247142174225508,0.22,0.9166666666666666,0.24,1.0,1.0,0.25,0.22239895797413914,webtable-la2m_default-v=8-distilroberta-dj_adpt~qwen3_06b-dj_adpt,santos-union,8
complaint_by_practice_b.pq,1.0,0.07692307692307693,1.0,0.07692307692307693,1.0,1.0,0.07692307692307693,1.0,0.38461538461538464,1.0,0.38461538461538464,1.0,1.0,0.38461538461538464,1.0,0.7692307692307693,1.0,0.7692307692307693,1.0,1.0,0.7692307692307693,0.8,0.9230769230769231,0.8666666666666667,1.0,1.0,1.0,0.9230769230769231,0.65,1.0,0.65,1.0,1.0,1.0,0.9786324786324786,0.52,1.0,0.52,1.0,1.0,1.0,0.9786324786324786,0.43333333333333335,1.0,0.43333333333333335,1.0,1.0,1.0,0.9786324786324786,0.37142857142857144,1.0,0.37142857142857144,1.0,1.0,1.0,0.9786324786324786,0.325,1.0,0.325,1.0,1.0,1.0,0.9786324786324786,0.28888888888888886,1.0,0.28888888888888886,1.0,1.0,1.0,0.9786324786324786,0.26,1.0,0.26,1.0,1.0,1.0,0.9786324786324786,webtable-la2m_default-v=8-distilroberta-dj_adpt~qwen3_06b-dj_adpt,santos-union,8
monthly_data_feed_a.pq,0.0,0.0,1.0,0.07692307692307693,0.0,0.0,0.0,0.0,0.0,1.0,0.38461538461538464,0.0,0.0,0.0,0.0,0.0,1.0,0.7692307692307693,0.0,0.0,0.0,0.3333333333333333,0.38461538461538464,0.8666666666666667,1.0,1.0,0.09090909090909091,0.08518404672250825,0.4,0.6153846153846154,0.65,1.0,1.0,0.09090909090909091,0.17633339445080334,0.44,0.8461538461538461,0.52,1.0,1.0,0.09090909090909091,0.2810547600417342,0.4,0.9230769230769231,0.43333333333333335,1.0,1.0,0.09090909090909091,0.31182399081096496,0.34285714285714286,0.9230769230769231,0.37142857142857144,1.0,1.0,0.09090909090909091,0.31182399081096496,0.3,0.9230769230769231,0.325,1.0,1.0,0.09090909090909091,0.31182399081096496,0.26666666666666666,0.9230769230769231,0.28888888888888886,1.0,1.0,0.09090909090909091,0.31182399081096496,0.24,0.9230769230769231,0.26,1.0,1.0,0.09090909090909091,0.31182399081096496,webtable-la2m_default-v=8-distilroberta-dj_adpt~qwen3_06b-dj_adpt,santos-union,8
cihr_co-applicant_a.pq,0.0,0.0,1.0,0.08333333333333333,0.0,0.0,0.0,0.0,0.0,1.0,0.4166666666666667,0.0,0.0,0.0,0.0,0.0,1.0,0.8333333333333334,0.0,0.0,0.0,0.3333333333333333,0.4166666666666667,0.8,1.0,1.0,0.09090909090909091,0.09228271728271727,0.45,0.75,0.6,1.0,1.0,0.09090909090909091,0.23238347980995042,0.48,1.0,0.48,1.0,1.0,0.09090909090909091,0.35178400681917305,0.4,1.0,0.4,1.0,1.0,0.09090909090909091,0.35178400681917305,0.34285714285714286,1.0,0.34285714285714286,1.0,1.0,0.09090909090909091,0.35178400681917305,0.3,1.0,0.3,1.0,1.0,0.09090909090909091,0.35178400681917305,0.26666666666666666,1.0,0.26666666666666666,1.0,1.0,0.09090909090909091,0.35178400681917305,0.24,1.0,0.24,1.0,1.0,0.09090909090909091,0.35178400681917305,webtable-la2m_default-v=8-distilroberta-dj_adpt~qwen3_06b-dj_adpt,santos-union,8
complaint_by_practice_a.pq,0.0,0.0,1.0,0.07692307692307693,0.0,0.0,0.0,0.4,0.15384615384615385,1.0,0.38461538461538464,1.0,0.5,0.08974358974358973,0.4,0.3076923076923077,1.0,0.7692307692307693,1.0,0.5,0.16666666666666666,0.26666666666666666,0.3076923076923077,0.8666666666666667,1.0,1.0,0.5,0.16666666666666666,0.2,0.3076923076923077,0.65,1.0,1.0,0.5,0.16666666666666666,0.16,0.3076923076923077,0.52,1.0,1.0,0.5,0.16666666666666666,0.13333333333333333,0.3076923076923077,0.43333333333333335,1.0,1.0,0.5,0.16666666666666666,0.11428571428571428,0.3076923076923077,0.37142857142857144,1.0,1.0,0.5,0.16666666666666666,0.1,0.3076923076923077,0.325,1.0,1.0,0.5,0.16666666666666666,0.08888888888888889,0.3076923076923077,0.28888888888888886,1.0,1.0,0.5,0.16666666666666666,0.08,0.3076923076923077,0.26,1.0,1.0,0.5,0.16666666666666666,webtable-la2m_default-v=8-distilroberta-dj_adpt~qwen3_06b-dj_adpt,santos-union,8
albums_a.pq,1.0,0.0625,1.0,0.0625,1.0,1.0,0.0625,1.0,0.3125,1.0,0.3125,1.0,1.0,0.3125,0.9,0.5625,1.0,0.625,1.0,1.0,0.55625,0.9333333333333333,0.875,1.0,0.9375,1.0,1.0,0.8444212037962038,0.8,1.0,0.8,1.0,1.0,1.0,0.9618384832079685,0.64,1.0,0.64,1.0,1.0,1.0,0.9618384832079685,0.5333333333333333,1.0,0.5333333333333333,1.0,1.0,1.0,0.9618384832079685,0.45714285714285713,1.0,0.45714285714285713,1.0,1.0,1.0,0.9618384832079685,0.4,1.0,0.4,1.0,1.0,1.0,0.9618384832079685,0.35555555555555557,1.0,0.35555555555555557,1.0,1.0,1.0,0.9618384832079685,0.32,1.0,0.32,1.0,1.0,1.0,0.9618384832079685,webtable-la2m_default-v=8-distilroberta-dj_adpt~qwen3_06b-dj_adpt,santos-union,8
oil_and_gas_summary_production_data_1967_1999_a.pq,1.0,0.09090909090909091,1.0,0.09090909090909091,1.0,1.0,0.09090909090909091,1.0,0.45454545454545453,1.0,0.45454545454545453,1.0,1.0,0.45454545454545453,0.8,0.7272727272727273,1.0,0.9090909090909091,1.0,1.0,0.6661616161616162,0.6666666666666666,0.9090909090909091,0.7333333333333333,1.0,1.0,1.0,0.8162993572084482,0.55,1.0,0.55,1.0,1.0,1.0,0.8662993572084481,0.44,1.0,0.44,1.0,1.0,1.0,0.8662993572084481,0.36666666666666664,1.0,0.36666666666666664,1.0,1.0,1.0,0.8662993572084481,0.3142857142857143,1.0,0.3142857142857143,1.0,1.0,1.0,0.8662993572084481,0.275,1.0,0.275,1.0,1.0,1.0,0.8662993572084481,0.24444444444444444,1.0,0.24444444444444444,1.0,1.0,1.0,0.8662993572084481,0.22,1.0,0.22,1.0,1.0,1.0,0.8662993572084481,webtable-la2m_default-v=8-distilroberta-dj_adpt~qwen3_06b-dj_adpt,santos-union,8
purchasing_card_a.pq,0.0,0.0,1.0,0.07692307692307693,0.0,0.0,0.0,0.0,0.0,1.0,0.38461538461538464,0.0,0.0,0.0,0.0,0.0,1.0,0.7692307692307693,0.0,0.0,0.0,0.0,0.0,0.8666666666666667,1.0,0.0,0.0,0.0,0.15,0.23076923076923078,0.65,1.0,1.0,0.058823529411764705,0.02461035696329814,0.24,0.46153846153846156,0.52,1.0,1.0,0.058823529411764705,0.0724754628718823,0.3333333333333333,0.7692307692307693,0.43333333333333335,1.0,1.0,0.058823529411764705,0.16722801849976948,0.3142857142857143,0.8461538461538461,0.37142857142857144,1.0,1.0,0.058823529411764705,0.1921148963278238,0.275,0.8461538461538461,0.325,1.0,1.0,0.058823529411764705,0.1921148963278238,0.24444444444444444,0.8461538461538461,0.28888888888888886,1.0,1.0,0.058823529411764705,0.1921148963278238,0.24,0.9230769230769231,0.26,1.0,1.0,0.058823529411764705,0.21057643478936225,webtable-la2m_default-v=8-distilroberta-dj_adpt~qwen3_06b-dj_adpt,santos-union,8
deaths_2012_2018_a.pq,1.0,0.09090909090909091,1.0,0.09090909090909091,1.0,1.0,0.09090909090909091,1.0,0.45454545454545453,1.0,0.45454545454545453,1.0,1.0,0.45454545454545453,0.6,0.5454545454545454,1.0,0.9090909090909091,1.0,1.0,0.5324675324675324,0.4666666666666667,0.6363636363636364,0.7333333333333333,1.0,1.0,1.0,0.5779220779220778,0.5,0.9090909090909091,0.55,1.0,1.0,1.0,0.7220100161276632,0.44,1.0,0.44,1.0,1.0,1.0,0.7620100161276632,0.36666666666666664,1.0,0.36666666666666664,1.0,1.0,1.0,0.7620100161276632,0.3142857142857143,1.0,0.3142857142857143,1.0,1.0,1.0,0.7620100161276632,0.275,1.0,0.275,1.0,1.0,1.0,0.7620100161276632,0.24444444444444444,1.0,0.24444444444444444,1.0,1.0,1.0,0.7620100161276632,0.22,1.0,0.22,1.0,1.0,1.0,0.7620100161276632,webtable-la2m_default-v=8-distilroberta-dj_adpt~qwen3_06b-dj_adpt,santos-union,8
report_card_discipline_for_2015_16_a.pq,1.0,0.09090909090909091,1.0,0.09090909090909091,1.0,1.0,0.09090909090909091,0.4,0.18181818181818182,1.0,0.45454545454545453,1.0,1.0,0.18181818181818182,0.2,0.18181818181818182,1.0,0.9090909090909091,1.0,1.0,0.18181818181818182,0.13333333333333333,0.18181818181818182,0.7333333333333333,1.0,1.0,1.0,0.18181818181818182,0.1,0.18181818181818182,0.55,1.0,1.0,1.0,0.18181818181818182,0.08,0.18181818181818182,0.44,1.0,1.0,1.0,0.18181818181818182,0.06666666666666667,0.18181818181818182,0.36666666666666664,1.0,1.0,1.0,0.18181818181818182,0.05714285714285714,0.18181818181818182,0.3142857142857143,1.0,1.0,1.0,0.18181818181818182,0.1,0.36363636363636365,0.275,1.0,1.0,1.0,0.1979020979020979,0.08888888888888889,0.36363636363636365,0.24444444444444444,1.0,1.0,1.0,0.1979020979020979,0.08,0.36363636363636365,0.22,1.0,1.0,1.0,0.1979020979020979,webtable-la2m_default-v=8-distilroberta-dj_adpt~qwen3_06b-dj_adpt,santos-union,8
workforce_management_information_b.pq,1.0,0.05555555555555555,1.0,0.05555555555555555,1.0,1.0,0.05555555555555555,0.2,0.05555555555555555,1.0,0.2777777777777778,1.0,1.0,0.05555555555555555,0.5,0.2777777777777778,1.0,0.5555555555555556,1.0,1.0,0.15343915343915343,0.6666666666666666,0.5555555555555556,1.0,0.8333333333333334,1.0,1.0,0.3230889480889481,0.55,0.6111111111111112,0.9,1.0,1.0,1.0,0.36128339253339253,0.52,0.7222222222222222,0.72,1.0,1.0,1.0,0.4229873890199977,0.43333333333333335,0.7222222222222222,0.6,1.0,1.0,1.0,0.4229873890199977,0.37142857142857144,0.7222222222222222,0.5142857142857142,1.0,1.0,1.0,0.4229873890199977,0.325,0.7222222222222222,0.45,1.0,1.0,1.0,0.4229873890199977,0.28888888888888886,0.7222222222222222,0.4,1.0,1.0,1.0,0.4229873890199977,0.26,0.7222222222222222,0.36,1.0,1.0,1.0,0.4229873890199977,webtable-la2m_default-v=8-distilroberta-dj_adpt~qwen3_06b-dj_adpt,santos-union,8
ydn_spending_data_b.pq,0.0,0.0,1.0,0.08333333333333333,0.0,0.0,0.0,0.2,0.08333333333333333,1.0,0.4166666666666667,1.0,0.3333333333333333,0.027777777777777776,0.1,0.08333333333333333,1.0,0.8333333333333334,1.0,0.3333333333333333,0.027777777777777776,0.06666666666666667,0.08333333333333333,0.8,1.0,1.0,0.3333333333333333,0.027777777777777776,0.05,0.08333333333333333,0.6,1.0,1.0,0.3333333333333333,0.027777777777777776,0.08,0.16666666666666666,0.48,1.0,1.0,0.3333333333333333,0.034444444444444444,0.06666666666666667,0.16666666666666666,0.4,1.0,1.0,0.3333333333333333,0.034444444444444444,0.05714285714285714,0.16666666666666666,0.34285714285714286,1.0,1.0,0.3333333333333333,0.034444444444444444,0.075,0.25,0.3,1.0,1.0,0.3333333333333333,0.041023391812865496,0.06666666666666667,0.25,0.26666666666666666,1.0,1.0,0.3333333333333333,0.041023391812865496,0.06,0.25,0.24,1.0,1.0,0.3333333333333333,0.041023391812865496,webtable-la2m_default-v=8-distilroberta-dj_adpt~qwen3_06b-dj_adpt,santos-union,8
albums_b.pq,1.0,0.0625,1.0,0.0625,1.0,1.0,0.0625,1.0,0.3125,1.0,0.3125,1.0,1.0,0.3125,0.9,0.5625,1.0,0.625,1.0,1.0,0.5325644841269841,0.7333333333333333,0.6875,1.0,0.9375,1.0,1.0,0.6466743326118326,0.55,0.6875,0.8,1.0,1.0,1.0,0.6466743326118326,0.44,0.6875,0.64,1.0,1.0,1.0,0.6466743326118326,0.4666666666666667,0.875,0.5333333333333333,1.0,1.0,1.0,0.7306439549435239,0.45714285714285713,1.0,0.45714285714285713,1.0,1.0,1.0,0.7911889207304251,0.4,1.0,0.4,1.0,1.0,1.0,0.7911889207304251,0.35555555555555557,1.0,0.35555555555555557,1.0,1.0,1.0,0.7911889207304251,0.32,1.0,0.32,1.0,1.0,1.0,0.7911889207304251,webtable-la2m_default-v=8-distilroberta-dj_adpt~qwen3_06b-dj_adpt,santos-union,8
data_mill_b.pq,1.0,0.07142857142857142,1.0,0.07142857142857142,1.0,1.0,0.07142857142857142,0.2,0.07142857142857142,1.0,0.35714285714285715,1.0,1.0,0.07142857142857142,0.2,0.14285714285714285,1.0,0.7142857142857143,1.0,1.0,0.08928571428571429,0.13333333333333333,0.14285714285714285,0.9333333333333333,1.0,1.0,1.0,0.08928571428571429,0.1,0.14285714285714285,0.7,1.0,1.0,1.0,0.08928571428571429,0.2,0.35714285714285715,0.56,1.0,1.0,1.0,0.1257340485601355,0.26666666666666666,0.5714285714285714,0.4666666666666667,1.0,1.0,1.0,0.1791686407878312,0.22857142857142856,0.5714285714285714,0.4,1.0,1.0,1.0,0.1791686407878312,0.225,0.6428571428571429,0.35,1.0,1.0,1.0,0.19608593402091387,0.2222222222222222,0.7142857142857143,0.3111111111111111,1.0,1.0,1.0,0.21269722970197705,0.2,0.7142857142857143,0.28,1.0,1.0,1.0,0.21269722970197705,webtable-la2m_default-v=8-distilroberta-dj_adpt~qwen3_06b-dj_adpt,santos-union,8
immigration_records_a.pq,0.0,0.0,1.0,0.0625,0.0,0.0,0.0,0.2,0.0625,1.0,0.3125,1.0,0.5,0.03125,0.2,0.125,1.0,0.625,1.0,0.5,0.04513888888888889,0.4666666666666667,0.4375,1.0,0.9375,1.0,0.5,0.16300851925851925,0.6,0.75,0.8,1.0,1.0,0.5,0.3357531873011749,0.64,1.0,0.64,1.0,1.0,0.5,0.4966439269962624,0.5333333333333333,1.0,0.5333333333333333,1.0,1.0,0.5,0.4966439269962624,0.45714285714285713,1.0,0.45714285714285713,1.0,1.0,0.5,0.4966439269962624,0.4,1.0,0.4,1.0,1.0,0.5,0.4966439269962624,0.35555555555555557,1.0,0.35555555555555557,1.0,1.0,0.5,0.4966439269962624,0.32,1.0,0.32,1.0,1.0,0.5,0.4966439269962624,webtable-la2m_default-v=8-distilroberta-dj_adpt~qwen3_06b-dj_adpt,santos-union,8
psyckes_antipsychotic_polypharmacy_quality_indicators_beginning_2012_a.pq,1.0,0.09090909090909091,1.0,0.09090909090909091,1.0,1.0,0.09090909090909091,0.2,0.09090909090909091,1.0,0.45454545454545453,1.0,1.0,0.09090909090909091,0.1,0.09090909090909091,1.0,0.9090909090909091,1.0,1.0,0.09090909090909091,0.06666666666666667,0.09090909090909091,0.7333333333333333,1.0,1.0,1.0,0.09090909090909091,0.05,0.09090909090909091,0.55,1.0,1.0,1.0,0.09090909090909091,0.04,0.09090909090909091,0.44,1.0,1.0,1.0,0.09090909090909091,0.03333333333333333,0.09090909090909091,0.36666666666666664,1.0,1.0,1.0,0.09090909090909091,0.02857142857142857,0.09090909090909091,0.3142857142857143,1.0,1.0,1.0,0.09090909090909091,0.025,0.09090909090909091,0.275,1.0,1.0,1.0,0.09090909090909091,0.022222222222222223,0.09090909090909091,0.24444444444444444,1.0,1.0,1.0,0.09090909090909091,0.02,0.09090909090909091,0.22,1.0,1.0,1.0,0.09090909090909091,webtable-la2m_default-v=8-distilroberta-dj_adpt~qwen3_06b-dj_adpt,santos-union,8
lane_description_b.pq,0.0,0.0,1.0,0.0625,0.0,0.0,0.0,0.0,0.0,1.0,0.3125,0.0,0.0,0.0,0.0,0.0,1.0,0.625,0.0,0.0,0.0,0.13333333333333333,0.125,1.0,0.9375,1.0,0.07692307692307693,0.013736263736263736,0.1,0.125,0.8,1.0,1.0,0.07692307692307693,0.013736263736263736,0.08,0.125,0.64,1.0,1.0,0.07692307692307693,0.013736263736263736,0.16666666666666666,0.3125,0.5333333333333333,1.0,1.0,0.07692307692307693,0.039470048629531386,0.17142857142857143,0.375,0.45714285714285713,1.0,1.0,0.07692307692307693,0.050184334343817104,0.15,0.375,0.4,1.0,1.0,0.07692307692307693,0.050184334343817104,0.13333333333333333,0.375,0.35555555555555557,1.0,1.0,0.07692307692307693,0.050184334343817104,0.18,0.5625,0.32,1.0,1.0,0.07692307692307693,0.08205225178137492,webtable-la2m_default-v=8-distilroberta-dj_adpt~qwen3_06b-dj_adpt,santos-union,8
abandoned_wells_a.pq,0.0,0.0,1.0,0.09090909090909091,0.0,0.0,0.0,0.0,0.0,1.0,0.45454545454545453,0.0,0.0,0.0,0.0,0.0,1.0,0.9090909090909091,0.0,0.0,0.0,0.0,0.0,0.7333333333333333,1.0,0.0,0.0,0.0,0.0,0.0,0.55,1.0,0.0,0.0,0.0,0.0,0.0,0.44,1.0,0.0,0.0,0.0,0.03333333333333333,0.09090909090909091,0.36666666666666664,1.0,1.0,0.03333333333333333,0.0030303030303030303,0.08571428571428572,0.2727272727272727,0.3142857142857143,1.0,1.0,0.03333333333333333,0.01691679604393077,0.125,0.45454545454545453,0.275,1.0,1.0,0.03333333333333333,0.038399817526952255,0.1111111111111111,0.45454545454545453,0.24444444444444444,1.0,1.0,0.03333333333333333,0.038399817526952255,0.16,0.7272727272727273,0.22,1.0,1.0,0.03333333333333333,0.07810510970184929,webtable-la2m_default-v=8-distilroberta-dj_adpt~qwen3_06b-dj_adpt,santos-union,8
prescribing_b.pq,0.0,0.0,1.0,0.06666666666666667,0.0,0.0,0.0,0.0,0.0,1.0,0.3333333333333333,0.0,0.0,0.0,0.0,0.0,1.0,0.6666666666666666,0.0,0.0,0.0,0.26666666666666666,0.26666666666666666,1.0,1.0,1.0,0.08333333333333333,0.047875457875457876,0.35,0.4666666666666667,0.75,1.0,1.0,0.08333333333333333,0.11557153630683042,0.28,0.4666666666666667,0.6,1.0,1.0,0.08333333333333333,0.11557153630683042,0.3333333333333333,0.6666666666666666,0.5,1.0,1.0,0.08333333333333333,0.17823650012121953,0.4,0.9333333333333333,0.42857142857142855,1.0,1.0,0.08333333333333333,0.28060602075449725,0.35,0.9333333333333333,0.375,1.0,1.0,0.08333333333333333,0.28060602075449725,0.3111111111111111,0.9333333333333333,0.3333333333333333,1.0,1.0,0.08333333333333333,0.28060602075449725,0.28,0.9333333333333333,0.3,1.0,1.0,0.08333333333333333,0.28060602075449725,webtable-la2m_default-v=8-distilroberta-dj_adpt~qwen3_06b-dj_adpt,santos-union,8
mines_b.pq,0.0,0.0,1.0,0.07142857142857142,0.0,0.0,0.0,0.0,0.0,1.0,0.35714285714285715,0.0,0.0,0.0,0.0,0.0,1.0,0.7142857142857143,0.0,0.0,0.0,0.0,0.0,0.9333333333333333,1.0,0.0,0.0,0.0,0.0,0.0,0.7,1.0,0.0,0.0,0.0,0.0,0.0,0.56,1.0,0.0,0.0,0.0,0.0,0.0,0.4666666666666667,1.0,0.0,0.0,0.0,0.0,0.0,0.4,1.0,0.0,0.0,0.0,0.0,0.0,0.35,1.0,0.0,0.0,0.0,0.0,0.0,0.3111111111111111,1.0,0.0,0.0,0.0,0.0,0.0,0.28,1.0,0.0,0.0,0.0,webtable-la2m_default-v=8-distilroberta-dj_adpt~qwen3_06b-dj_adpt,santos-union,8
animal_tag_data_a.pq,0.0,0.0,1.0,0.08333333333333333,0.0,0.0,0.0,0.0,0.0,1.0,0.4166666666666667,0.0,0.0,0.0,0.0,0.0,1.0,0.8333333333333334,0.0,0.0,0.0,0.0,0.0,0.8,1.0,0.0,0.0,0.0,0.0,0.0,0.6,1.0,0.0,0.0,0.0,0.0,0.0,0.48,1.0,0.0,0.0,0.0,0.0,0.0,0.4,1.0,0.0,0.0,0.0,0.02857142857142857,0.08333333333333333,0.34285714285714286,1.0,1.0,0.029411764705882353,0.0024509803921568627,0.025,0.08333333333333333,0.3,1.0,1.0,0.029411764705882353,0.0024509803921568627,0.022222222222222223,0.08333333333333333,0.26666666666666666,1.0,1.0,0.029411764705882353,0.0024509803921568627,0.02,0.08333333333333333,0.24,1.0,1.0,0.029411764705882353,0.0024509803921568627,webtable-la2m_default-v=8-distilroberta-dj_adpt~qwen3_06b-dj_adpt,santos-union,8
cihr_co-applicant_b.pq,0.0,0.0,1.0,0.08333333333333333,0.0,0.0,0.0,0.8,0.3333333333333333,1.0,0.4166666666666667,1.0,0.5,0.2263888888888889,0.9,0.75,1.0,0.8333333333333334,1.0,0.5,0.5892526455026456,0.8,1.0,0.8,1.0,1.0,0.5,0.818322187072187,0.6,1.0,0.6,1.0,1.0,0.5,0.818322187072187,0.48,1.0,0.48,1.0,1.0,0.5,0.818322187072187,0.4,1.0,0.4,1.0,1.0,0.5,0.818322187072187,0.34285714285714286,1.0,0.34285714285714286,1.0,1.0,0.5,0.818322187072187,0.3,1.0,0.3,1.0,1.0,0.5,0.818322187072187,0.26666666666666666,1.0,0.26666666666666666,1.0,1.0,0.5,0.818322187072187,0.24,1.0,0.24,1.0,1.0,0.5,0.818322187072187,webtable-la2m_default-v=8-distilroberta-dj_adpt~qwen3_06b-dj_adpt,santos-union,8
311_calls_historic_data_a.pq,0.0,0.0,1.0,0.09090909090909091,0.0,0.0,0.0,0.0,0.0,1.0,0.45454545454545453,0.0,0.0,0.0,0.0,0.0,1.0,0.9090909090909091,0.0,0.0,0.0,0.0,0.0,0.7333333333333333,1.0,0.0,0.0,0.0,0.0,0.0,0.55,1.0,0.0,0.0,0.0,0.04,0.09090909090909091,0.44,1.0,1.0,0.047619047619047616,0.004329004329004329,0.03333333333333333,0.09090909090909091,0.36666666666666664,1.0,1.0,0.047619047619047616,0.004329004329004329,0.02857142857142857,0.09090909090909091,0.3142857142857143,1.0,1.0,0.047619047619047616,0.004329004329004329,0.025,0.09090909090909091,0.275,1.0,1.0,0.047619047619047616,0.004329004329004329,0.022222222222222223,0.09090909090909091,0.24444444444444444,1.0,1.0,0.047619047619047616,0.004329004329004329,0.02,0.09090909090909091,0.22,1.0,1.0,0.047619047619047616,0.004329004329004329,webtable-la2m_default-v=8-distilroberta-dj_adpt~qwen3_06b-dj_adpt,santos-union,8
practice_reference_a.pq,0.0,0.0,1.0,0.06666666666666667,0.0,0.0,0.0,0.8,0.26666666666666666,1.0,0.3333333333333333,1.0,0.5,0.1811111111111111,0.8,0.5333333333333333,1.0,0.6666666666666666,1.0,0.5,0.4114021164021164,0.8,0.8,1.0,1.0,1.0,0.5,0.6272174122174122,0.7,0.9333333333333333,0.75,1.0,1.0,0.5,0.7332359307359307,0.56,0.9333333333333333,0.6,1.0,1.0,0.5,0.7332359307359307,0.5,1.0,0.5,1.0,1.0,0.5,0.7716974691974693,0.42857142857142855,1.0,0.42857142857142855,1.0,1.0,0.5,0.7716974691974693,0.375,1.0,0.375,1.0,1.0,0.5,0.7716974691974693,0.3333333333333333,1.0,0.3333333333333333,1.0,1.0,0.5,0.7716974691974693,0.3,1.0,0.3,1.0,1.0,0.5,0.7716974691974693,webtable-la2m_default-v=8-distilroberta-dj_adpt~qwen3_06b-dj_adpt,santos-union,8
stockport_contracts_a.pq,0.0,0.0,1.0,0.07692307692307693,0.0,0.0,0.0,0.0,0.0,1.0,0.38461538461538464,0.0,0.0,0.0,0.0,0.0,1.0,0.7692307692307693,0.0,0.0,0.0,0.0,0.0,0.8666666666666667,1.0,0.0,0.0,0.0,0.0,0.0,0.65,1.0,0.0,0.0,0.0,0.0,0.0,0.52,1.0,0.0,0.0,0.0,0.0,0.0,0.43333333333333335,1.0,0.0,0.0,0.0,0.02857142857142857,0.07692307692307693,0.37142857142857144,1.0,1.0,0.029411764705882353,0.002262443438914027,0.025,0.07692307692307693,0.325,1.0,1.0,0.029411764705882353,0.002262443438914027,0.044444444444444446,0.15384615384615385,0.28888888888888886,1.0,1.0,0.029411764705882353,0.005840260970219931,0.06,0.23076923076923078,0.26,1.0,1.0,0.029411764705882353,0.010856983378246686,webtable-la2m_default-v=8-distilroberta-dj_adpt~qwen3_06b-dj_adpt,santos-union,8
business_rates_a.pq,0.0,0.0,1.0,0.08333333333333333,0.0,0.0,0.0,0.0,0.0,1.0,0.4166666666666667,0.0,0.0,0.0,0.0,0.0,1.0,0.8333333333333334,0.0,0.0,0.0,0.0,0.0,0.8,1.0,0.0,0.0,0.0,0.0,0.0,0.6,1.0,0.0,0.0,0.0,0.0,0.0,0.48,1.0,0.0,0.0,0.0,0.0,0.0,0.4,1.0,0.0,0.0,0.0,0.0,0.0,0.34285714285714286,1.0,0.0,0.0,0.0,0.0,0.0,0.3,1.0,0.0,0.0,0.0,0.0,0.0,0.26666666666666666,1.0,0.0,0.0,0.0,0.0,0.0,0.24,1.0,0.0,0.0,0.0,webtable-la2m_default-v=8-distilroberta-dj_adpt~qwen3_06b-dj_adpt,santos-union,8
ipopayments_b.pq,0.0,0.0,1.0,0.06666666666666667,0.0,0.0,0.0,0.8,0.26666666666666666,1.0,0.3333333333333333,1.0,0.5,0.1811111111111111,0.6,0.4,1.0,0.6666666666666666,1.0,0.5,0.2581481481481481,0.5333333333333333,0.5333333333333333,1.0,1.0,1.0,0.5,0.3386676286676286,0.5,0.6666666666666666,0.75,1.0,1.0,0.5,0.4109987833517245,0.48,0.8,0.6,1.0,1.0,0.5,0.47633211668505787,0.43333333333333335,0.8666666666666667,0.5,1.0,1.0,0.5,0.5052210055739468,0.4,0.9333333333333333,0.42857142857142855,1.0,1.0,0.5,0.5343876722406135,0.375,1.0,0.375,1.0,1.0,0.5,0.5600286978816391,0.3333333333333333,1.0,0.3333333333333333,1.0,1.0,0.5,0.5600286978816391,0.3,1.0,0.3,1.0,1.0,0.5,0.5600286978816391,webtable-la2m_default-v=8-distilroberta-dj_adpt~qwen3_06b-dj_adpt,santos-union,8
new_york_city_restaurant_inspection_results_a.pq,0.0,0.0,1.0,0.03225806451612903,0.0,0.0,0.0,0.2,0.03225806451612903,1.0,0.16129032258064516,1.0,0.2,0.0064516129032258064,0.6,0.1935483870967742,1.0,0.3225806451612903,1.0,0.2,0.0844342037890425,0.7333333333333333,0.3548387096774194,1.0,0.4838709677419355,1.0,0.2,0.19549733420701162,0.65,0.41935483870967744,1.0,0.6451612903225806,1.0,0.2,0.24156522372841158,0.52,0.41935483870967744,1.0,0.8064516129032258,1.0,0.2,0.24156522372841158,0.43333333333333335,0.41935483870967744,1.0,0.967741935483871,1.0,0.2,0.24156522372841158,0.4857142857142857,0.5483870967741935,0.8857142857142857,1.0,1.0,0.2,0.3011893519720844,0.425,0.5483870967741935,0.775,1.0,1.0,0.2,0.3011893519720844,0.37777777777777777,0.5483870967741935,0.6888888888888889,1.0,1.0,0.2,0.3011893519720844,0.4,0.6451612903225806,0.62,1.0,1.0,0.2,0.3402934272508486,webtable-la2m_default-v=8-distilroberta-dj_adpt~qwen3_06b-dj_adpt,santos-union,8
senior_officials_expenses_a.pq,1.0,0.09090909090909091,1.0,0.09090909090909091,1.0,1.0,0.09090909090909091,1.0,0.45454545454545453,1.0,0.45454545454545453,1.0,1.0,0.45454545454545453,0.8,0.7272727272727273,1.0,0.9090909090909091,1.0,1.0,0.7272727272727273,0.6,0.8181818181818182,0.7333333333333333,1.0,1.0,1.0,0.7954545454545454,0.45,0.8181818181818182,0.55,1.0,1.0,1.0,0.7954545454545454,0.4,0.9090909090909091,0.44,1.0,1.0,1.0,0.8333333333333333,0.3333333333333333,0.9090909090909091,0.36666666666666664,1.0,1.0,1.0,0.8333333333333333,0.2857142857142857,0.9090909090909091,0.3142857142857143,1.0,1.0,1.0,0.8333333333333333,0.25,0.9090909090909091,0.275,1.0,1.0,1.0,0.8333333333333333,0.2222222222222222,0.9090909090909091,0.24444444444444444,1.0,1.0,1.0,0.8333333333333333,0.2,0.9090909090909091,0.22,1.0,1.0,1.0,0.8333333333333333,webtable-la2m_default-v=8-distilroberta-dj_adpt~qwen3_06b-dj_adpt,santos-union,8
